"REGIONE";"PROVINCIA";"COMUNE";"SPECIE";"DATA_SOSPETTO";"DATA_CONFERMA";"LONGITUDINE";"LATITUDINE";"ESITO";"DATA_PRELIEVO";"DATA"
"PIEMONTE";"AL";"VOLTAGGIO";"CINGHIALE(SELVATICI)";2022-01-09;2022-01-11;8.842666;44.62238;"P";NA;2022-01-09 00:00:00
"PIEMONTE";"AL";"ROCCA GRIMALDA";"CINGHIALE(SELVATICI)";2022-02-07;2022-02-08;8.634552;44.669397;"P";NA;2022-02-07 00:00:00
"LIGURIA";"GE";"MIGNANEGO";"CINGHIALE(SELVATICI)";2022-02-26;2022-03-02;8.90817;44.53559;"P";NA;2022-02-26 00:00:00
"PIEMONTE";"AL";"ARQUATA SCRIVIA";"CINGHIALE(SELVATICI)";2022-01-23;2022-01-24;8.906972;44.661321;"P";NA;2022-01-23 00:00:00
"PIEMONTE";"AL";"OVADA";"CINGHIALE(SELVATICI)";2022-03-31;2022-04-01;8.647229;44.613188;"P";NA;2022-03-31 00:00:00
"LIGURIA";"GE";"CAMPO LIGURE";"CINGHIALE(SELVATICI)";2022-04-21;2022-04-22;8.697453;44.54072;"P";NA;2022-04-21 00:00:00
"LIGURIA";"GE";"ROSSIGLIONE";"CINGHIALE(SELVATICI)";2022-04-28;2022-04-29;8.648246;44.569753;"P";NA;2022-04-28 00:00:00
"LIGURIA";"GE";"CAMPO LIGURE";"CINGHIALE(SELVATICI)";2022-05-04;2022-05-05;8.700569;44.537756;"P";NA;2022-05-04 00:00:00
"PIEMONTE";"AL";"BOSIO";"CINGHIALE(SELVATICI)";2022-03-21;2022-03-22;8.778724;44.569035;"P";NA;2022-03-21 00:00:00
"PIEMONTE";"AL";"LERMA";"CINGHIALE(SELVATICI)";2022-03-23;2022-03-25;8.727802;44.651758;"P";NA;2022-03-23 00:00:00
"LIGURIA";"GE";"MIGNANEGO";"CINGHIALE(SELVATICI)";2022-02-02;2022-02-04;8.913969;44.540151;"P";NA;2022-02-02 00:00:00
"PIEMONTE";"AL";"SILVANO D\'ORBA";"CINGHIALE(SELVATICI)";2022-04-02;2022-04-05;8.696067;44.667365;"P";NA;2022-04-02 00:00:00
"PIEMONTE";"AL";"LERMA";"CINGHIALE(SELVATICI)";2022-04-20;2022-04-21;8.721435;44.604188;"P";NA;2022-04-20 00:00:00
"PIEMONTE";"AL";"LERMA";"CINGHIALE(SELVATICI)";2022-04-28;2022-05-02;8.716542;44.611941;"P";NA;2022-04-28 00:00:00
"PIEMONTE";"AL";"BOSIO";"CINGHIALE(SELVATICI)";2022-05-03;2022-05-04;8.780435;44.598328;"P";NA;2022-05-03 00:00:00
"PIEMONTE";"AL";"OVADA";"CINGHIALE(SELVATICI)";2022-01-05;2022-01-07;8.643753;44.620184;"P";NA;2022-01-05 00:00:00
"PIEMONTE";"AL";"OVADA";"CINGHIALE(SELVATICI)";2022-03-13;2022-03-14;8.643134;44.607378;"P";NA;2022-03-13 00:00:00
"PIEMONTE";"AL";"SERRAVALLE SCRIVIA";"CINGHIALE(SELVATICI)";2022-01-16;2022-01-18;8.858283;44.703273;"P";NA;2022-01-16 00:00:00
"PIEMONTE";"AL";"LERMA";"CINGHIALE(SELVATICI)";2022-01-14;2022-01-18;8.754007;44.57251;"P";NA;2022-01-14 00:00:00
"PIEMONTE";"AL";"TAGLIOLO MONFERRATO";"CINGHIALE(SELVATICI)";2022-01-17;2022-01-18;8.725179;44.587761;"P";NA;2022-01-17 00:00:00
"LIGURIA";"GE";"GENOVA";"CINGHIALE(SELVATICI)";2022-01-24;2022-01-26;8.944297;44.432722;"P";NA;2022-01-24 00:00:00
"PIEMONTE";"AL";"OVADA";"CINGHIALE(SELVATICI)";2022-04-03;2022-04-05;8.611996;44.622811;"P";NA;2022-04-03 00:00:00
"PIEMONTE";"AL";"OVADA";"CINGHIALE(SELVATICI)";2022-04-15;2022-04-19;8.660635;44.579593;"P";NA;2022-04-15 00:00:00
"LIGURIA";"GE";"BUSALLA";"CINGHIALE(SELVATICI)";2022-05-01;2022-05-03;8.94105;44.562;"P";NA;2022-05-01 00:00:00
"LIGURIA";"GE";"CAMPOMORONE";"CINGHIALE(SELVATICI)";2022-02-08;2022-02-11;8.8846;44.52436;"P";NA;2022-02-08 00:00:00
"PIEMONTE";"AL";"CASTELLETTO D\'ORBA";"CINGHIALE(SELVATICI)";2022-03-01;2022-03-02;8.682586;44.695971;"P";NA;2022-03-01 00:00:00
"PIEMONTE";"AL";"OVADA";"CINGHIALE(SELVATICI)";2022-03-03;2022-03-04;8.646929;44.624582;"P";NA;2022-03-03 00:00:00
"LIGURIA";"GE";"ROSSIGLIONE";"CINGHIALE(SELVATICI)";2022-03-06;2022-03-08;8.693741;44.573854;"P";NA;2022-03-06 00:00:00
"LIGURIA";"GE";"ROSSIGLIONE";"CINGHIALE(SELVATICI)";2022-03-06;2022-03-09;8.692933;44.573013;"P";NA;2022-03-06 00:00:00
"LIGURIA";"GE";"BUSALLA";"CINGHIALE(SELVATICI)";2022-03-12;2022-03-17;8.938263;44.582361;"P";NA;2022-03-12 00:00:00
"PIEMONTE";"AL";"LERMA";"CINGHIALE(SELVATICI)";2022-01-14;2022-01-18;8.76259;44.572754;"P";NA;2022-01-14 00:00:00
"PIEMONTE";"AL";"ARQUATA SCRIVIA";"CINGHIALE(SELVATICI)";2022-03-29;2022-03-30;8.870942;44.650387;"P";NA;2022-03-29 00:00:00
"LIGURIA";"GE";"ISOLA DEL CANTONE";"CINGHIALE(SELVATICI)";2022-01-07;2022-01-11;8.91671;44.648372;"P";NA;2022-01-07 00:00:00
"LIGURIA";"GE";"MIGNANEGO";"CINGHIALE(SELVATICI)";2022-02-03;2022-02-04;8.928037;44.552591;"P";NA;2022-02-03 00:00:00
"PIEMONTE";"AL";"ARQUATA SCRIVIA";"CINGHIALE(SELVATICI)";2022-02-13;2022-02-14;8.915512;44.667243;"P";NA;2022-02-13 00:00:00
"LIGURIA";"GE";"RONCO SCRIVIA";"CINGHIALE(SELVATICI)";2022-02-24;2022-02-25;8.920639;44.617369;"P";NA;2022-02-24 00:00:00
"PIEMONTE";"AL";"VOLTAGGIO";"CINGHIALE(SELVATICI)";2022-03-12;2022-03-14;8.857901;44.593339;"P";NA;2022-03-12 00:00:00
"LIGURIA";"GE";"MIGNANEGO";"CINGHIALE(SELVATICI)";2022-01-23;2022-01-26;8.900037;44.551445;"P";NA;2022-01-23 00:00:00
"LIGURIA";"GE";"ISOLA DEL CANTONE";"CINGHIALE(SELVATICI)";2022-01-25;2022-01-28;8.905185;44.645112;"P";NA;2022-01-25 00:00:00
"LIGURIA";"GE";"MIGNANEGO";"CINGHIALE(SELVATICI)";2022-01-31;2022-02-03;8.909537;44.537099;"P";NA;2022-01-31 00:00:00
"LIGURIA";"GE";"RONCO SCRIVIA";"CINGHIALE(SELVATICI)";2022-04-01;2022-04-06;8.948103;44.611888;"P";NA;2022-04-01 00:00:00
"PIEMONTE";"AL";"CARROSIO";"CINGHIALE(SELVATICI)";2022-04-21;2022-04-22;8.842928;44.660479;"P";NA;2022-04-21 00:00:00
"PIEMONTE";"AL";"GRONDONA";"CINGHIALE(SELVATICI)";2022-04-30;2022-05-02;8.925169;44.683735;"P";NA;2022-04-30 00:00:00
"LIGURIA";"GE";"ISOLA DEL CANTONE";"CINGHIALE(SELVATICI)";2022-02-27;2022-03-02;8.91948;44.66114;"P";NA;2022-02-27 00:00:00
"PIEMONTE";"AL";"SILVANO D\'ORBA";"CINGHIALE(SELVATICI)";2022-03-01;2022-03-02;8.690123;44.679374;"P";NA;2022-03-01 00:00:00
"LIGURIA";"GE";"CAMPO LIGURE";"CINGHIALE(SELVATICI)";2022-03-21;2022-03-24;8.686714;44.544597;"P";NA;2022-03-21 00:00:00
"LIGURIA";"GE";"RONCO SCRIVIA";"CINGHIALE(SELVATICI)";2022-01-13;2022-01-15;8.911392;44.599186;"P";NA;2022-01-13 00:00:00
"LIGURIA";"GE";"ROSSIGLIONE";"CINGHIALE(SELVATICI)";2022-04-06;2022-04-11;8.683611;44.563888;"P";NA;2022-04-06 00:00:00
"PIEMONTE";"AL";"MONTALDEO";"CINGHIALE(SELVATICI)";2022-05-02;2022-05-04;8.721938;44.668471;"P";NA;2022-05-02 00:00:00
"PIEMONTE";"AL";"LERMA";"CINGHIALE(SELVATICI)";2022-01-16;2022-01-18;8.714525;44.632521;"P";NA;2022-01-16 00:00:00
"LIGURIA";"GE";"CAMPO LIGURE";"CINGHIALE(SELVATICI)";2022-01-21;2022-01-22;8.70849;44.538694;"P";NA;2022-01-21 00:00:00
"LIGURIA";"GE";"CAMPO LIGURE";"CINGHIALE(SELVATICI)";2022-01-20;2022-01-21;8.70851;44.53869;"P";NA;2022-01-20 00:00:00
"PIEMONTE";"AL";"MOLARE";"CINGHIALE(SELVATICI)";2022-04-02;2022-04-05;8.598204;44.600222;"P";NA;2022-04-02 00:00:00
"PIEMONTE";"AL";"GAVI";"CINGHIALE(SELVATICI)";2022-04-28;2022-05-02;8.848765;44.68382;"P";NA;2022-04-28 00:00:00
"LIGURIA";"GE";"ROSSIGLIONE";"CINGHIALE(SELVATICI)";2022-03-06;2022-03-09;8.693528;44.572726;"P";NA;2022-03-06 00:00:00
"PIEMONTE";"AL";"VOLTAGGIO";"CINGHIALE(SELVATICI)";2022-01-16;2022-01-18;8.82962;44.617003;"P";NA;2022-01-16 00:00:00
"PIEMONTE";"AL";"TAGLIOLO MONFERRATO";"CINGHIALE(SELVATICI)";2022-01-09;2022-01-11;8.69016;44.628823;"P";NA;2022-01-09 00:00:00
"LIGURIA";"GE";"CAMPO LIGURE";"CINGHIALE(SELVATICI)";2022-03-05;2022-03-09;8.702313;44.54099;"P";NA;2022-03-05 00:00:00
"PIEMONTE";"AL";"VOLTAGGIO";"CINGHIALE(SELVATICI)";2022-03-07;2022-03-08;8.85022;44.58673;"P";NA;2022-03-07 00:00:00
"PIEMONTE";"AL";"OVADA";"CINGHIALE(SELVATICI)";2022-03-08;2022-03-11;8.636758;44.609278;"P";NA;2022-03-08 00:00:00
"PIEMONTE";"AL";"TAGLIOLO MONFERRATO";"CINGHIALE(SELVATICI)";2022-03-13;2022-03-14;8.704022;44.613252;"P";NA;2022-03-13 00:00:00
"PIEMONTE";"AL";"MONTALDEO";"CINGHIALE(SELVATICI)";2022-02-06;2022-02-07;8.730982;44.663534;"P";NA;2022-02-06 00:00:00
"PIEMONTE";"AL";"CASTELLETTO D\'ORBA";"CINGHIALE(SELVATICI)";2022-02-23;2022-02-25;8.699066;44.68331;"P";NA;2022-02-23 00:00:00
"PIEMONTE";"AL";"GAVI";"CINGHIALE(SELVATICI)";2022-04-06;2022-04-08;8.840171;44.686834;"P";NA;2022-04-06 00:00:00
"PIEMONTE";"AL";"BOSIO";"CINGHIALE(SELVATICI)";2022-01-14;2022-01-18;8.792383;44.640819;"P";NA;2022-01-14 00:00:00
"PIEMONTE";"AL";"MOLARE";"CINGHIALE(SELVATICI)";2022-03-28;2022-03-30;8.588301;44.582909;"P";NA;2022-03-28 00:00:00
"PIEMONTE";"AL";"MORNESE";"CINGHIALE(SELVATICI)";2022-03-29;2022-03-30;8.756481;44.622632;"P";NA;2022-03-29 00:00:00
"PIEMONTE";"AL";"PRASCO";"CINGHIALE(SELVATICI)";2022-03-30;2022-04-01;8.555971;44.642308;"P";NA;2022-03-30 00:00:00
"LIGURIA";"GE";"CAMPO LIGURE";"CINGHIALE(SELVATICI)";2022-04-10;2022-04-12;8.698118;44.550035;"P";NA;2022-04-10 00:00:00
"PIEMONTE";"AL";"CASTELLETTO D\'ORBA";"CINGHIALE(SELVATICI)";2022-02-20;2022-02-21;8.7028;44.677878;"P";NA;2022-02-20 00:00:00
"PIEMONTE";"AL";"ARQUATA SCRIVIA";"CINGHIALE(SELVATICI)";2022-02-12;2022-02-14;8.911392;44.665717;"P";NA;2022-02-12 00:00:00
"PIEMONTE";"AL";"LERMA";"CINGHIALE(SELVATICI)";2022-02-24;2022-02-25;8.716033;44.615008;"P";NA;2022-02-24 00:00:00
"PIEMONTE";"AL";"MOLARE";"CINGHIALE(SELVATICI)";2022-03-01;2022-03-02;8.597968;44.600359;"P";NA;2022-03-01 00:00:00
"LIGURIA";"GE";"CAMPO LIGURE";"CINGHIALE(SELVATICI)";2022-01-20;2022-01-21;8.733306;44.523778;"P";NA;2022-01-20 00:00:00
"LIGURIA";"GE";"ROSSIGLIONE";"CINGHIALE(SELVATICI)";2022-01-27;2022-01-31;8.733926;44.559092;"P";NA;2022-01-27 00:00:00
"PIEMONTE";"AL";"GAVI";"CINGHIALE(SELVATICI)";2022-03-29;2022-03-30;8.781174;44.699303;"P";NA;2022-03-29 00:00:00
"PIEMONTE";"AL";"ARQUATA SCRIVIA";"CINGHIALE(SELVATICI)";2022-02-06;2022-02-07;8.898732;44.665564;"P";NA;2022-02-06 00:00:00
"PIEMONTE";"AL";"OVADA";"CINGHIALE(SELVATICI)";2022-02-28;2022-03-02;8.640363;44.605489;"P";NA;2022-02-28 00:00:00
"PIEMONTE";"AL";"CASALEGGIO BOIRO";"CINGHIALE(SELVATICI)";2022-03-05;2022-03-07;8.728565;44.635984;"P";NA;2022-03-05 00:00:00
"PIEMONTE";"AL";"VOLTAGGIO";"CINGHIALE(SELVATICI)";2022-03-12;2022-03-14;8.828461;44.633253;"P";NA;2022-03-12 00:00:00
"LIGURIA";"GE";"RONCO SCRIVIA";"CINGHIALE(SELVATICI)";2022-03-17;2022-03-22;8.950113;44.59541;"P";NA;2022-03-17 00:00:00
"PIEMONTE";"AL";"SILVANO D\'ORBA";"CINGHIALE(SELVATICI)";2022-01-23;2022-01-24;8.694007;44.675971;"P";NA;2022-01-23 00:00:00
"PIEMONTE";"AL";"ARQUATA SCRIVIA";"CINGHIALE(SELVATICI)";2022-03-29;2022-03-30;8.880965;44.682562;"P";NA;2022-03-29 00:00:00
"LIGURIA";"GE";"RONCO SCRIVIA";"CINGHIALE(SELVATICI)";2022-03-31;2022-04-05;8.94008;44.5901;"P";NA;2022-03-31 00:00:00
"LIGURIA";"GE";"BUSALLA";"CINGHIALE(SELVATICI)";2022-04-19;2022-04-20;8.941819;44.571885;"P";NA;2022-04-19 00:00:00
"PIEMONTE";"AL";"GRONDONA";"CINGHIALE(SELVATICI)";2022-05-01;2022-05-02;8.933752;44.687976;"P";NA;2022-05-01 00:00:00
"LIGURIA";"GE";"CAMPO LIGURE";"CINGHIALE(SELVATICI)";2022-05-03;2022-05-04;8.699619;44.542135;"P";NA;2022-05-03 00:00:00
"PIEMONTE";"AL";"VOLTAGGIO";"CINGHIALE(SELVATICI)";2022-03-12;2022-03-14;8.828815;44.633169;"P";NA;2022-03-12 00:00:00
"PIEMONTE";"AL";"VOLTAGGIO";"CINGHIALE(SELVATICI)";2022-03-28;2022-03-30;8.86054;44.596525;"P";NA;2022-03-28 00:00:00
"PIEMONTE";"AL";"FRACONALTO";"CINGHIALE(SELVATICI)";2022-03-31;2022-04-01;8.903324;44.598375;"P";NA;2022-03-31 00:00:00
"PIEMONTE";"AL";"FRACONALTO";"CINGHIALE(SELVATICI)";2022-01-03;2022-01-10;8.88266;44.590246;"P";NA;2022-01-03 00:00:00
"LIGURIA";"GE";"ROSSIGLIONE";"CINGHIALE(SELVATICI)";2022-02-07;2022-02-10;8.720282;44.571912;"P";NA;2022-02-07 00:00:00
"LIGURIA";"GE";"RONCO SCRIVIA";"CINGHIALE(SELVATICI)";2022-02-18;2022-02-23;8.939166;44.596388;"P";NA;2022-02-18 00:00:00
"PIEMONTE";"AL";"ARQUATA SCRIVIA";"CINGHIALE(SELVATICI)";2022-02-23;2022-02-25;8.916027;44.676093;"P";NA;2022-02-23 00:00:00
"PIEMONTE";"AL";"VOLTAGGIO";"CINGHIALE(SELVATICI)";2022-04-04;2022-04-06;8.853642;44.588625;"P";NA;2022-04-04 00:00:00
"PIEMONTE";"AL";"ARQUATA SCRIVIA";"CINGHIALE(SELVATICI)";2022-04-18;2022-04-19;8.876459;44.678412;"P";NA;2022-04-18 00:00:00
"PIEMONTE";"AL";"MONTALDEO";"CINGHIALE(SELVATICI)";2022-02-12;2022-02-14;8.730661;44.6625;"P";NA;2022-02-12 00:00:00
"PIEMONTE";"AL";"GAVI";"CINGHIALE(SELVATICI)";2022-03-16;2022-03-18;8.856125;44.691425;"P";NA;2022-03-16 00:00:00
"PIEMONTE";"AL";"ARQUATA SCRIVIA";"CINGHIALE(SELVATICI)";2022-03-21;2022-03-22;8.858874;44.656788;"P";NA;2022-03-21 00:00:00
"LIGURIA";"GE";"ROSSIGLIONE";"CINGHIALE(SELVATICI)";2022-01-20;2022-01-21;8.710556;44.560278;"P";NA;2022-01-20 00:00:00
"LIGURIA";"GE";"ISOLA DEL CANTONE";"CINGHIALE(SELVATICI)";2022-01-22;2022-01-26;8.905091;44.63775;"P";NA;2022-01-22 00:00:00
"LIGURIA";"GE";"ROSSIGLIONE";"CINGHIALE(SELVATICI)";2022-01-23;2022-01-26;8.714282;44.572984;"P";NA;2022-01-23 00:00:00
"LIGURIA";"GE";"ISOLA DEL CANTONE";"CINGHIALE(SELVATICI)";2022-01-25;2022-01-28;8.885699;44.637249;"P";NA;2022-01-25 00:00:00
"PIEMONTE";"AL";"MOLARE";"CINGHIALE(SELVATICI)";2022-04-02;2022-04-05;8.598462;44.600038;"P";NA;2022-04-02 00:00:00
"LIGURIA";"GE";"MIGNANEGO";"CINGHIALE(SELVATICI)";2022-04-09;2022-04-14;8.907805;44.543277;"P";NA;2022-04-09 00:00:00
"LIGURIA";"GE";"CAMPO LIGURE";"CINGHIALE(SELVATICI)";2022-04-10;2022-04-12;8.698117;44.550034;"P";NA;2022-04-10 00:00:00
"PIEMONTE";"AL";"VOLTAGGIO";"CINGHIALE(SELVATICI)";2022-01-09;2022-01-11;8.839919;44.617492;"P";NA;2022-01-09 00:00:00
"PIEMONTE";"AL";"OVADA";"CINGHIALE(SELVATICI)";2022-02-20;2022-02-21;8.616125;44.640801;"P";NA;2022-02-20 00:00:00
"LIGURIA";"GE";"ROSSIGLIONE";"CINGHIALE(SELVATICI)";2022-03-06;2022-03-09;8.69538;44.570389;"P";NA;2022-03-06 00:00:00
"LIGURIA";"GE";"ROSSIGLIONE";"CINGHIALE(SELVATICI)";2022-03-21;2022-03-24;8.682638;44.559527;"P";NA;2022-03-21 00:00:00
"PIEMONTE";"AL";"SILVANO D\'ORBA";"CINGHIALE(SELVATICI)";2022-04-09;2022-04-13;8.695015;44.666556;"P";NA;2022-04-09 00:00:00
"LIGURIA";"GE";"BUSALLA";"CINGHIALE(SELVATICI)";2022-04-16;2022-04-20;8.943759;44.569797;"P";NA;2022-04-16 00:00:00
"PIEMONTE";"AL";"SERRAVALLE SCRIVIA";"CINGHIALE(SELVATICI)";2022-04-21;2022-04-22;8.864516;44.709497;"P";NA;2022-04-21 00:00:00
"PIEMONTE";"AT";"VINCHIO";"CINGHIALE(SELVATICI)";NA;NA;8.316865;44.826885;"N";2022-02-23;2022-02-23 11:00:00
"LIGURIA";"GE";"GENOVA";"CINGHIALE(SELVATICI)";NA;NA;8.960506;44.406987;"N";2022-02-28;2022-03-01 00:00:00
"LIGURIA";"SV";"URBE";"CINGHIALE(SELVATICI)";NA;NA;8.607944;44.499362;"N";2022-03-12;2022-03-13 00:00:00
"LIGURIA";"GE";"SORI";"CINGHIALE(SELVATICI)";NA;NA;9.114249;44.368249;"N";2022-04-06;2022-04-06 09:30:00
"PIEMONTE";"AT";"BELVEGLIO";"CINGHIALE(SELVATICI)";NA;NA;8.333566;44.82822;"N";2022-03-17;2022-03-17 14:30:00
"PIEMONTE";"AT";"LOAZZOLO";"CINGHIALE(SELVATICI)";NA;NA;8.277081;44.68711;"N";2022-03-06;2022-03-06 11:00:00
"PIEMONTE";"AL";"CASTELLAR GUIDOBONO";"CINGHIALE(SELVATICI)";NA;NA;8.954042;44.907113;"N";2022-01-12;2022-01-12 19:00:00
"LOMBARDIA";"PV";"ARENA PO";"CINGHIALE(SELVATICI)";NA;NA;9.43202;45.090872;"N";2022-02-22;2022-02-23 00:00:00
"PIEMONTE";"AL";"MASIO";"SUINI(DOMESTICI)";NA;NA;8.451836;44.864002;"N";2022-03-21;2022-03-21 10:00:00
"PIEMONTE";"AT";"ROCCA D'ARAZZO";"CINGHIALE(SELVATICI)";NA;NA;8.26511;44.85651;"N";2022-04-19;2022-04-19 23:59:00
"PIEMONTE";"AL";"TORTONA";"CINGHIALE(SELVATICI)";NA;NA;8.829086;44.840586;"N";2022-04-17;2022-04-17 19:00:00
"PIEMONTE";"AL";"MASIO";"SUINI(DOMESTICI)";NA;NA;8.451836;44.864002;"N";2022-01-24;2022-01-24 12:00:00
"PIEMONTE";"CN";"FOSSANO";"SUINI(DOMESTICI)";NA;NA;7.668157;44.529489;"N";2022-04-27;2022-04-28 00:00:00
"LOMBARDIA";"PV";"TORRE D'ISOLA";"CINGHIALE(SELVATICI)";NA;NA;9.077043;45.217372;"N";2022-01-16;2022-01-17 00:00:00
"PIEMONTE";"AT";"INCISA SCAPACCINO";"CINGHIALE(SELVATICI)";NA;NA;8.388921;44.794947;"N";2022-01-17;2022-01-17 11:15:00
"LIGURIA";"GE";"GENOVA";"CINGHIALE(SELVATICI)";NA;NA;9.004272;44.449233;"N";2022-02-02;2022-02-02 10:20:00
"LIGURIA";"GE";"GENOVA";"CINGHIALE(SELVATICI)";NA;NA;8.893942;44.435077;"N";2022-01-20;2022-01-20 23:00:00
"LIGURIA";"GE";"GENOVA";"CINGHIALE(SELVATICI)";NA;NA;8.897189;44.441728;"N";2022-05-03;2022-05-03 14:00:00
"LIGURIA";"GE";"SERRA RICCO'";"CINGHIALE(SELVATICI)";NA;NA;8.918523;44.5023;"N";2022-05-04;2022-05-05 00:00:00
"LIGURIA";"SV";"PIETRA LIGURE";"CINGHIALE(SELVATICI)";NA;NA;8.272606;44.158877;"N";2022-02-20;2022-02-20 11:45:00
"LIGURIA";"GE";"GENOVA";"CINGHIALE(SELVATICI)";NA;NA;8.987446;44.403564;"N";2022-02-28;2022-03-01 00:00:00
"LIGURIA";"GE";"GENOVA";"CINGHIALE(SELVATICI)";NA;NA;8.960506;44.406987;"N";2022-02-28;2022-03-01 00:00:00
"PIEMONTE";"AL";"ALESSANDRIA";"CINGHIALE(SELVATICI)";NA;NA;8.583098;44.947623;"N";2022-03-10;2022-03-10 09:00:00
"LIGURIA";"SV";"FINALE LIGURE";"CINGHIALE(SELVATICI)";NA;NA;8.382358;44.19287;"N";2022-02-08;2022-02-08 18:00:00
"PIEMONTE";"AL";"BISTAGNO";"CINGHIALE(SELVATICI)";NA;NA;8.368943;44.660504;"N";2022-01-12;2022-01-12 11:00:00
"PIEMONTE";"AT";"ASTI";"CINGHIALE(SELVATICI)";NA;NA;8.302233;44.912772;"N";2022-03-18;2022-03-18 15:00:00
"PIEMONTE";"AT";"MONTEGROSSO D'ASTI";"CINGHIALE(SELVATICI)";NA;NA;8.206303;44.808104;"N";2022-03-19;2022-03-19 23:00:00
"PIEMONTE";"CN";"CHERASCO";"CINGHIALE(SELVATICI)";NA;NA;7.858192;44.64724;"N";2022-02-08;2022-02-08 20:30:00
"LIGURIA";"GE";"CERANESI";"CINGHIALE(SELVATICI)";NA;NA;8.84958;44.50695;"N";2022-02-07;2022-02-07 12:00:00
"LIGURIA";"GE";"GENOVA";"CINGHIALE(SELVATICI)";NA;NA;9.028179;44.384234;"N";2022-04-08;2022-04-08 14:00:00
"LIGURIA";"GE";"GENOVA";"CINGHIALE(SELVATICI)";NA;NA;8.937349;44.411957;"N";2022-04-05;2022-04-05 10:00:00
"EMILIA-ROMAGNA";"PC";"ALSENO";"CINGHIALE(SELVATICI)";NA;NA;10.006089;44.881764;"N";2022-01-19;2022-01-19 14:00:00
"EMILIA-ROMAGNA";"PC";"CASTELL'ARQUATO";"CINGHIALE(SELVATICI)";NA;NA;9.910202;44.872722;"N";2022-03-18;2022-03-18 08:30:00
"PIEMONTE";"CN";"MARENE";"CINGHIALE(SELVATICI)";NA;NA;7.723323;44.657095;"N";2022-03-04;2022-03-04 16:30:00
"PIEMONTE";"CN";"ALBA";"CINGHIALE(SELVATICI)";NA;NA;8.038512;44.689859;"N";2022-03-02;2022-03-02 21:00:00
"LOMBARDIA";"PV";"VAL DI NIZZA";"CINGHIALE(SELVATICI)";NA;NA;9.191708;44.882244;"N";2022-01-12;2022-01-13 00:00:00
"LIGURIA";"SV";"SAVONA";"CINGHIALE(SELVATICI)";NA;NA;8.47064;44.320367;"N";2022-01-16;2022-01-17 00:00:00
"LIGURIA";"SV";"ALBENGA";"CINGHIALE(SELVATICI)";NA;NA;8.211072;44.036958;"N";2022-01-24;2022-01-24 14:00:00
"PIEMONTE";"AL";"CASALE MONFERRATO";"CINGHIALE(SELVATICI)";NA;NA;8.468628;45.082094;"N";2022-01-20;2022-01-20 08:44:00
"PIEMONTE";"AL";"QUATTORDIO";"CINGHIALE(SELVATICI)";NA;NA;8.406;44.875145;"N";2022-04-27;2022-04-28 01:20:00
"PIEMONTE";"AL";"ALLUVIONI PIOVERA";"CINGHIALE(SELVATICI)";NA;NA;8.756393;44.980837;"N";2022-04-29;2022-04-29 23:00:00
"PIEMONTE";"AL";"ROCCA GRIMALDA";"CINGHIALE(SELVATICI)";NA;NA;8.650662;44.668718;"N";2022-03-10;2022-03-10 11:00:00
"LIGURIA";"GE";"MELE";"CINGHIALE(SELVATICI)";NA;NA;8.752955;44.460574;"N";2022-03-18;2022-03-18 13:00:00
"PIEMONTE";"CN";"GRINZANE CAVOUR";"CINGHIALE(SELVATICI)";NA;NA;7.991386;44.666562;"N";2022-03-30;2022-03-30 14:00:00
"EMILIA-ROMAGNA";"PC";"BOBBIO";"CINGHIALE(SELVATICI)";NA;NA;9.30107;44.766308;"N";2022-01-22;2022-01-22 12:00:00
"EMILIA-ROMAGNA";"PC";"TRAVO";"CINGHIALE(SELVATICI)";NA;NA;9.548333;44.8575;"N";2022-03-18;2022-03-18 18:00:00
"EMILIA-ROMAGNA";"PC";"ALSENO";"CINGHIALE(SELVATICI)";NA;NA;9.903371;44.920895;"N";2022-02-02;2022-02-02 10:00:00
"LIGURIA";"GE";"GENOVA";"CINGHIALE(SELVATICI)";NA;NA;8.930277;44.428055;"N";2022-03-30;2022-03-30 11:45:00
"PIEMONTE";"CN";"CRAVANZANA";"CINGHIALE(SELVATICI)";NA;NA;8.116614;44.558661;"N";2022-03-30;2022-03-30 12:00:00
"PIEMONTE";"AT";"ASTI";"CINGHIALE(SELVATICI)";NA;NA;8.272686;44.923316;"N";2022-02-23;2022-02-23 18:00:00
"PIEMONTE";"AL";"ALESSANDRIA";"CINGHIALE(SELVATICI)";NA;NA;8.651784;44.907212;"N";2022-04-21;2022-04-21 08:00:00
"PIEMONTE";"AT";"CALAMANDRANA";"CINGHIALE(SELVATICI)";NA;NA;8.363658;44.733097;"N";2022-04-18;2022-04-18 17:00:00
"PIEMONTE";"AL";"VIGNOLE BORBERA";"CINGHIALE(SELVATICI)";NA;NA;8.898922;44.714195;"N";2022-01-23;2022-01-23 11:00:00
"PIEMONTE";"AL";"PIETRA MARAZZI";"CINGHIALE(SELVATICI)";NA;NA;8.661084;44.932427;"N";2022-05-01;2022-05-01 23:30:00
"PIEMONTE";"CN";"CORTEMILIA";"CINGHIALE(SELVATICI)";NA;NA;8.192209;44.580758;"N";2022-04-29;2022-04-29 13:00:00
"PIEMONTE";"CN";"REVELLO";"CINGHIALE(SELVATICI)";NA;NA;7.439613;44.732572;"N";2022-03-18;2022-03-18 12:30:00
"PIEMONTE";"CN";"CASTIGLIONE FALLETTO";"CINGHIALE(SELVATICI)";NA;NA;7.968751;44.63571;"N";2022-03-14;2022-03-14 03:00:00
"PIEMONTE";"AT";"COSTIGLIOLE D'ASTI";"CINGHIALE(SELVATICI)";NA;NA;8.149976;44.808513;"N";2022-04-19;2022-04-19 22:30:00
"LIGURIA";"SV";"PIANA CRIXIA";"CINGHIALE(SELVATICI)";NA;NA;8.303229;44.465781;"N";2022-01-10;2022-01-10 10:00:00
"PIEMONTE";"CN";"SANT'ALBANO STURA";"CINGHIALE(SELVATICI)";NA;NA;7.731748;44.524762;"N";2022-02-08;2022-02-08 08:00:00
"PIEMONTE";"AL";"SAN SALVATORE MONFERRATO";"CINGHIALE(SELVATICI)";NA;NA;8.53724;44.981206;"N";2022-02-04;2022-02-04 12:00:00
"LIGURIA";"SV";"STELLA";"CINGHIALE(SELVATICI)";NA;NA;8.50641;44.363701;"N";2022-02-25;2022-02-26 00:00:00
"LIGURIA";"GE";"GENOVA";"CINGHIALE(SELVATICI)";NA;NA;8.983737;44.439526;"N";2022-01-21;2022-01-21 14:00:00
"LOMBARDIA";"PV";"CASTELLETTO DI BRANDUZZO";"CINGHIALE(SELVATICI)";NA;NA;9.088252;45.059665;"N";2022-03-07;2022-03-08 00:00:00
"PIEMONTE";"AL";"TAGLIOLO MONFERRATO";"CINGHIALE(SELVATICI)";NA;NA;8.684667;44.649618;"N";2022-02-11;2022-02-11 08:00:00
"PIEMONTE";"AT";"BUBBIO";"CINGHIALE(SELVATICI)";NA;NA;8.311111;44.657278;"N";2022-03-31;2022-03-31 08:00:00
"PIEMONTE";"AL";"PECETTO DI VALENZA";"CINGHIALE(SELVATICI)";NA;NA;8.651515;44.977709;"N";2022-02-09;2022-02-09 13:15:00
"PIEMONTE";"CN";"CUNEO";"CINGHIALE(SELVATICI)";NA;NA;7.590565;44.438646;"N";2022-04-08;2022-04-08 11:30:00
"PIEMONTE";"AL";"SERRAVALLE SCRIVIA";"CINGHIALE(SELVATICI)";NA;NA;8.848828;44.751208;"N";2022-03-25;2022-03-25 15:30:00
"LIGURIA";"GE";"GENOVA";"CINGHIALE(SELVATICI)";NA;NA;8.970436;44.404124;"N";2022-03-02;2022-03-02 14:30:00
"LIGURIA";"GE";"GENOVA";"CINGHIALE(SELVATICI)";NA;NA;8.894443;44.443967;"N";2022-04-20;2022-04-20 15:00:00
"PIEMONTE";"AL";"BASALUZZO";"SUINI(DOMESTICI)";NA;NA;8.721473;44.782798;"N";2022-03-06;2022-03-07 00:00:00
"PIEMONTE";"CN";"RACCONIGI";"SUINI(DOMESTICI)";NA;NA;7.713131;44.756118;"N";2022-04-05;2022-04-05 08:30:00
"PIEMONTE";"AL";"QUATTORDIO";"CINGHIALE(SELVATICI)";NA;NA;8.407;44.875313;"N";2022-04-27;2022-04-28 01:22:00
"LIGURIA";"GE";"RECCO";"CINGHIALE(SELVATICI)";NA;NA;9.154348;44.370112;"N";2022-05-03;2022-05-03 14:00:00
"LOMBARDIA";"PV";"GODIASCO";"CINGHIALE(SELVATICI)";NA;NA;9.056368;44.895933;"N";2022-04-04;2022-04-05 00:00:00
"LIGURIA";"GE";"RECCO";"CINGHIALE(SELVATICI)";NA;NA;9.158865;44.36798;"N";2022-04-22;2022-04-22 12:00:00
"PIEMONTE";"AT";"ROCCA D'ARAZZO";"CINGHIALE(SELVATICI)";NA;NA;8.265051;44.85661;"N";2022-04-19;2022-04-19 23:55:00
"LIGURIA";"GE";"GENOVA";"CINGHIALE(SELVATICI)";NA;NA;8.946792;44.420392;"N";2022-05-04;2022-05-04 14:00:00
"EMILIA-ROMAGNA";"PC";"MONTICELLI D'ONGINA";"SUINI(DOMESTICI)";NA;NA;9.93822;45.061719;"N";2022-04-05;2022-04-05 11:00:00
"PIEMONTE";"AT";"CASTELNUOVO CALCEA";"CINGHIALE(SELVATICI)";NA;NA;8.28748;44.7991;"N";2022-02-12;2022-02-12 11:00:00
"PIEMONTE";"AT";"CORTIGLIONE";"CINGHIALE(SELVATICI)";NA;NA;8.367016;44.832004;"N";2022-03-23;2022-03-23 22:00:00
"PIEMONTE";"AT";"ROCCA D'ARAZZO";"CINGHIALE(SELVATICI)";NA;NA;8.26505;44.85663;"N";2022-04-19;2022-04-19 23:50:00
"LIGURIA";"GE";"GENOVA";"CINGHIALE(SELVATICI)";NA;NA;8.977633;44.440345;"N";2022-04-19;2022-04-19 14:30:00
"PIEMONTE";"CN";"VICOFORTE";"CINGHIALE(SELVATICI)";NA;NA;7.837854;44.358555;"N";2022-01-31;2022-01-31 10:00:00
"LOMBARDIA";"PV";"VOGHERA";"CINGHIALE(SELVATICI)";NA;NA;9.012044;44.99166;"N";2022-02-07;2022-02-08 00:00:00
"PIEMONTE";"AT";"ROCCA D'ARAZZO";"CINGHIALE(SELVATICI)";NA;NA;8.263087;44.85525;"N";2022-04-21;2022-04-21 04:00:00
"LIGURIA";"GE";"RECCO";"CINGHIALE(SELVATICI)";NA;NA;9.148564;44.369475;"N";2022-04-13;2022-04-13 14:30:00
"LIGURIA";"GE";"PIEVE LIGURE";"CINGHIALE(SELVATICI)";NA;NA;9.096218;44.38063;"N";2022-04-30;2022-05-01 00:00:00
"LIGURIA";"GE";"SANTA MARGHERITA LIGURE";"CINGHIALE(SELVATICI)";NA;NA;9.213659;44.334574;"N";2022-04-25;2022-04-26 00:00:00
"PIEMONTE";"CN";"BRA";"CINGHIALE(SELVATICI)";NA;NA;7.829131;44.739078;"N";2022-02-19;2022-02-19 20:00:00
"PIEMONTE";"AL";"PREDOSA";"CINGHIALE(SELVATICI)";NA;NA;8.643825;44.790149;"N";2022-03-19;2022-03-19 17:00:00
"LOMBARDIA";"PV";"PIEVE DEL CAIRO";"CINGHIALE(SELVATICI)";NA;NA;8.814228;45.062427;"N";2022-03-18;2022-03-19 00:00:00
"PIEMONTE";"AL";"VIGNOLE BORBERA";"CINGHIALE(SELVATICI)";NA;NA;8.884116;44.709376;"N";2022-03-09;2022-03-09 08:15:00
"PIEMONTE";"CN";"CHERASCO";"CINGHIALE(SELVATICI)";NA;NA;7.858192;44.64724;"N";2022-02-04;2022-02-04 09:00:00
"LOMBARDIA";"PV";"BAGNARIA";"CINGHIALE(SELVATICI)";NA;NA;9.134431;44.82376;"N";2022-02-27;2022-02-28 00:00:00
"PIEMONTE";"AT";"MONTALDO SCARAMPI";"CINGHIALE(SELVATICI)";NA;NA;8.279329;44.843224;"N";2022-02-19;2022-02-19 11:00:00
"LIGURIA";"GE";"GENOVA";"CINGHIALE(SELVATICI)";NA;NA;8.982523;44.391836;"N";2022-02-28;2022-03-01 00:00:00
"PIEMONTE";"AT";"CORTIGLIONE";"CINGHIALE(SELVATICI)";NA;NA;8.372263;44.833561;"N";2022-03-31;2022-03-31 23:00:00
"PIEMONTE";"AL";"ORSARA BORMIDA";"SUINI(DOMESTICI)";NA;NA;8.557514;44.689158;"N";2022-01-13;2022-01-13 16:00:00
"PIEMONTE";"AL";"PONZONE";"CINGHIALE(SELVATICI)";NA;NA;8.458627;44.567285;"N";2022-04-24;2022-04-24 17:00:00
"PIEMONTE";"AT";"ROCCA D'ARAZZO";"CINGHIALE(SELVATICI)";NA;NA;8.263087;44.85525;"N";2022-04-21;2022-04-21 04:00:00
"PIEMONTE";"CN";"SALICETO";"CINGHIALE(SELVATICI)";NA;NA;8.177855;44.415574;"N";2022-04-12;2022-04-12 19:00:00
"LIGURIA";"GE";"GENOVA";"CINGHIALE(SELVATICI)";NA;NA;8.936123;44.428457;"N";2022-01-20;2022-01-20 13:00:00
"LIGURIA";"GE";"GENOVA";"CINGHIALE(SELVATICI)";NA;NA;8.962806;44.440475;"N";2022-04-26;2022-04-26 14:30:00
"LIGURIA";"GE";"GENOVA";"CINGHIALE(SELVATICI)";NA;NA;8.964438;44.436453;"N";2022-04-26;2022-04-26 14:00:00
"LOMBARDIA";"PV";"ARENA PO";"CINGHIALE(SELVATICI)";NA;NA;9.43202;45.090872;"N";2022-02-22;2022-02-23 00:00:00
"PIEMONTE";"AT";"ROCCA D'ARAZZO";"CINGHIALE(SELVATICI)";NA;NA;8.264814;44.856718;"N";2022-04-19;2022-04-19 22:00:00
"PIEMONTE";"AT";"ROCCA D'ARAZZO";"CINGHIALE(SELVATICI)";NA;NA;8.264957;44.856534;"N";2022-04-19;2022-04-19 22:30:00
"PIEMONTE";"CN";"LEQUIO TANARO";"CINGHIALE(SELVATICI)";NA;NA;7.890816;44.559878;"N";2022-01-29;2022-01-29 22:00:00
"EMILIA-ROMAGNA";"PC";"CAORSO";"CINGHIALE(SELVATICI)";NA;NA;9.818777;45.04314;"N";2022-02-22;2022-02-22 09:45:00
"PIEMONTE";"AL";"CAPRIATA D'ORBA";"CINGHIALE(SELVATICI)";NA;NA;8.684643;44.74114;"N";2022-04-29;2022-04-29 17:00:00
"PIEMONTE";"CN";"VICOFORTE";"CINGHIALE(SELVATICI)";NA;NA;7.879546;44.369401;"N";2022-02-25;2022-02-25 10:15:00
"PIEMONTE";"AL";"PREDOSA";"CINGHIALE(SELVATICI)";NA;NA;8.669059;44.757886;"N";2022-03-13;2022-03-13 17:15:00
"PIEMONTE";"AL";"SAN SALVATORE MONFERRATO";"CINGHIALE(SELVATICI)";NA;NA;8.54357;45.01985;"N";2022-03-09;2022-03-09 15:00:00
"LIGURIA";"SV";"ANDORA";"CINGHIALE(SELVATICI)";NA;NA;8.136151;43.952486;"N";2022-04-03;2022-04-04 00:00:00
"LIGURIA";"SV";"VARAZZE";"CINGHIALE(SELVATICI)";NA;NA;8.584265;44.359694;"N";2022-02-08;2022-02-09 00:00:00
"PIEMONTE";"CN";"CUNEO";"CINGHIALE(SELVATICI)";NA;NA;7.531229;44.476362;"N";2022-03-09;2022-03-09 17:00:00
"PIEMONTE";"CN";"CLAVESANA";"CINGHIALE(SELVATICI)";NA;NA;7.909313;44.490665;"N";2022-03-16;2022-03-16 10:30:00
"PIEMONTE";"CN";"VERDUNO";"CINGHIALE(SELVATICI)";NA;NA;7.92954;44.665612;"N";2022-02-04;2022-02-04 08:00:00
"LOMBARDIA";"PV";"PONTE NIZZA";"SUINI(DOMESTICI)";NA;NA;9.107135;44.864318;"N";2022-02-13;2022-02-14 00:00:00
"LIGURIA";"GE";"GENOVA";"SUINI(DOMESTICI)";NA;NA;8.816839;44.457279;"N";2022-01-23;2022-01-24 00:00:00
"LIGURIA";"GE";"AVEGNO";"SUINI(DOMESTICI)";NA;NA;9.15955;44.38271;"N";2022-04-01;2022-04-02 00:00:00
"PIEMONTE";"AT";"CASTELNUOVO CALCEA";"CINGHIALE(SELVATICI)";NA;NA;8.273539;44.774606;"N";2022-01-24;2022-01-24 11:00:00
"PIEMONTE";"AL";"BASALUZZO";"CINGHIALE(SELVATICI)";NA;NA;8.681271;44.759142;"N";2022-01-23;2022-01-23 12:00:00
"PIEMONTE";"AT";"BRUNO";"CINGHIALE(SELVATICI)";NA;NA;8.445227;44.786692;"N";2022-01-20;2022-01-20 11:00:00
"PIEMONTE";"AL";"ALLUVIONI PIOVERA";"CINGHIALE(SELVATICI)";NA;NA;8.764118;44.994556;"N";2022-01-17;2022-01-17 16:00:00
"PIEMONTE";"CN";"MOROZZO";"SUINI(DOMESTICI)";NA;NA;7.655414;44.423568;"N";2022-05-04;2022-05-04 10:00:00
"LIGURIA";"GE";"GENOVA";"SUINI(DOMESTICI)";NA;NA;8.84687;44.43548;"N";2022-01-14;2022-01-15 00:00:00
"LIGURIA";"GE";"GENOVA";"CINGHIALE(SELVATICI)";NA;NA;9.002215;44.448509;"N";2022-02-02;2022-02-02 10:40:00
"PIEMONTE";"AL";"RIVARONE";"CINGHIALE(SELVATICI)";NA;NA;8.735553;44.9797;"N";2022-03-23;2022-03-23 13:30:00
"PIEMONTE";"AL";"SILVANO D'ORBA";"CINGHIALE(SELVATICI)";NA;NA;8.67286;44.6621;"N";2022-03-09;2022-03-09 14:30:00
"LIGURIA";"GE";"RECCO";"CINGHIALE(SELVATICI)";NA;NA;9.150312;44.374517;"N";2022-03-18;2022-03-18 12:00:00
"PIEMONTE";"AL";"ACQUI TERME";"CINGHIALE(SELVATICI)";NA;NA;8.483594;44.665977;"N";2022-02-06;2022-02-06 16:00:00
"LIGURIA";"SV";"STELLA";"CINGHIALE(SELVATICI)";NA;NA;8.505519;44.363816;"N";2022-02-25;2022-02-26 00:00:00
"LIGURIA";"GE";"GENOVA";"CINGHIALE(SELVATICI)";NA;NA;8.982523;44.391836;"N";2022-02-28;2022-03-01 00:00:00
"PIEMONTE";"CN";"CUNEO";"CINGHIALE(SELVATICI)";NA;NA;7.587139;44.424167;"N";2022-04-19;2022-04-19 16:30:00
"PIEMONTE";"CN";"LEVICE";"CINGHIALE(SELVATICI)";NA;NA;8.161143;44.517192;"N";2022-01-17;2022-01-17 17:45:00
"PIEMONTE";"CN";"MONDOVI'";"CINGHIALE(SELVATICI)";NA;NA;7.824585;44.439851;"N";2022-02-11;2022-02-11 09:45:00
"PIEMONTE";"AL";"PREDOSA";"CINGHIALE(SELVATICI)";NA;NA;8.668845;44.75816;"N";2022-03-13;2022-03-13 17:00:00
"EMILIA-ROMAGNA";"PC";"CASTELVETRO PIACENTINO";"SUINI(DOMESTICI)";NA;NA;10.01661;45.07547;"N";2022-03-11;2022-03-11 11:00:00
"LOMBARDIA";"PV";"ZERBOLO'";"CINGHIALE(SELVATICI)";NA;NA;9.013859;45.206338;"N";2022-04-15;2022-04-16 00:00:00
"LOMBARDIA";"PV";"TORRAZZA COSTE";"CINGHIALE(SELVATICI)";NA;NA;9.086143;44.976086;"N";2022-02-05;2022-02-06 00:00:00
"PIEMONTE";"AL";"TAGLIOLO MONFERRATO";"CINGHIALE(SELVATICI)";NA;NA;8.717035;44.591826;"N";2022-03-16;2022-03-16 14:15:00
"PIEMONTE";"AL";"BASALUZZO";"CINGHIALE(SELVATICI)";NA;NA;8.692086;44.765237;"N";2022-01-08;2022-01-08 17:00:00
"LIGURIA";"GE";"BUSALLA";"CINGHIALE(SELVATICI)";NA;NA;8.940692;44.564058;"N";2022-04-08;2022-04-08 11:30:00
"LIGURIA";"SV";"QUILIANO";"CINGHIALE(SELVATICI)";NA;NA;8.384142;44.281265;"N";2022-03-01;2022-03-02 00:00:00
"PIEMONTE";"AL";"VOLPEDO";"SUINI(DOMESTICI)";NA;NA;9.008274;44.887529;"N";2022-01-12;2022-01-12 12:00:00
"LOMBARDIA";"PV";"PONTE NIZZA";"CINGHIALE(SELVATICI)";NA;NA;9.103327;44.851556;"N";2022-02-05;2022-02-06 00:00:00
"PIEMONTE";"AL";"FUBINE MONFERRATO";"SUINI(DOMESTICI)";NA;NA;8.394414;44.950204;"N";2022-01-03;2022-01-03 09:00:00
"LOMBARDIA";"PV";"ZAVATTARELLO";"CINGHIALE(SELVATICI)";NA;NA;9.244915;44.85596;"N";2022-01-28;2022-01-29 00:00:00
"LOMBARDIA";"PV";"VOGHERA";"CINGHIALE(SELVATICI)";NA;NA;9.012044;44.99166;"N";2022-02-02;2022-02-03 00:00:00
"LOMBARDIA";"PV";"PIEVE ALBIGNOLA";"CINGHIALE(SELVATICI)";NA;NA;8.959915;45.112366;"N";2022-01-26;2022-01-27 00:00:00
"LIGURIA";"GE";"BUSALLA";"CINGHIALE(SELVATICI)";NA;NA;8.91935;44.572373;"N";2022-02-07;2022-02-07 12:00:00
"PIEMONTE";"CN";"MURAZZANO";"CINGHIALE(SELVATICI)";NA;NA;7.977656;44.486858;"N";2022-01-13;2022-01-13 13:00:00
"PIEMONTE";"AL";"CAPRIATA D'ORBA";"CINGHIALE(SELVATICI)";NA;NA;8.665791;44.713429;"N";2022-02-24;2022-02-24 14:45:00
"PIEMONTE";"CN";"BAGNOLO PIEMONTE";"CINGHIALE(SELVATICI)";NA;NA;7.256098;44.753754;"N";2022-02-24;2022-02-24 08:45:00
"LIGURIA";"GE";"RECCO";"CINGHIALE(SELVATICI)";NA;NA;9.1495;44.37029;"N";2022-02-24;2022-02-24 13:00:00
"LIGURIA";"GE";"CHIAVARI";"CINGHIALE(SELVATICI)";NA;NA;9.314317;44.329368;"N";2022-04-19;2022-04-19 13:00:00
"PIEMONTE";"AL";"TORTONA";"CINGHIALE(SELVATICI)";NA;NA;8.829086;44.840525;"N";2022-04-16;2022-04-17 00:00:00
"PIEMONTE";"AL";"MASIO";"SUINI(DOMESTICI)";NA;NA;8.451836;44.864002;"N";2022-03-21;2022-03-21 10:00:00
"PIEMONTE";"AT";"CASTEL BOGLIONE";"CINGHIALE(SELVATICI)";NA;NA;8.384159;44.741171;"N";2022-01-29;2022-01-29 16:30:00
"LIGURIA";"GE";"GENOVA";"CINGHIALE(SELVATICI)";NA;NA;9.03444;44.4094;"N";2022-01-25;2022-01-26 00:00:00
"LIGURIA";"SV";"CISANO SUL NEVA";"CINGHIALE(SELVATICI)";NA;NA;8.134197;44.079295;"N";2022-01-26;2022-01-26 08:45:00
"LIGURIA";"GE";"USCIO";"CINGHIALE(SELVATICI)";NA;NA;9.164921;44.412717;"N";2022-04-28;2022-04-28 15:00:00
"LOMBARDIA";"PV";"TORRAZZA COSTE";"CINGHIALE(SELVATICI)";NA;NA;9.086143;44.976086;"N";2022-02-06;2022-02-07 00:00:00
"LIGURIA";"GE";"PIEVE LIGURE";"CINGHIALE(SELVATICI)";NA;NA;9.0925;44.372778;"N";2022-01-21;2022-01-21 16:00:00
"LIGURIA";"SV";"CELLE LIGURE";"CINGHIALE(SELVATICI)";NA;NA;8.549321;44.349885;"N";2022-02-15;2022-02-15 18:30:00
"PIEMONTE";"AL";"CASALE MONFERRATO";"CINGHIALE(SELVATICI)";NA;NA;8.44016;45.10496;"N";2022-02-09;2022-02-09 13:00:00
"PIEMONTE";"AL";"ALESSANDRIA";"CINGHIALE(SELVATICI)";NA;NA;8.559065;44.923228;"N";2022-03-05;2022-03-05 18:00:00
"LIGURIA";"GE";"GENOVA";"CINGHIALE(SELVATICI)";NA;NA;8.954131;44.402093;"N";2022-03-29;2022-03-30 00:00:00
"PIEMONTE";"AL";"QUATTORDIO";"CINGHIALE(SELVATICI)";NA;NA;8.406;44.875431;"N";2022-04-27;2022-04-28 01:20:00
"PIEMONTE";"AL";"ALLUVIONI PIOVERA";"CINGHIALE(SELVATICI)";NA;NA;8.755706;44.980837;"N";2022-05-01;2022-05-01 22:00:00
"PIEMONTE";"AT";"TIGLIOLE";"CINGHIALE(SELVATICI)";NA;NA;8.08324;44.87676;"N";2022-04-24;2022-04-25 00:00:00
"PIEMONTE";"AL";"POZZOLO FORMIGARO";"CINGHIALE(SELVATICI)";NA;NA;8.766913;44.808416;"N";2022-02-27;2022-02-27 14:30:00
"LIGURIA";"GE";"MIGNANEGO";"CINGHIALE(SELVATICI)";NA;NA;8.939904;44.556587;"N";2022-02-19;2022-02-19 12:30:00
"LOMBARDIA";"PV";"CASTELLETTO DI BRANDUZZO";"CINGHIALE(SELVATICI)";NA;NA;9.088252;45.059665;"N";2022-03-07;2022-03-08 00:00:00
"PIEMONTE";"AL";"MASIO";"SUINI(DOMESTICI)";NA;NA;8.451836;44.864002;"N";2022-03-15;2022-03-16 00:00:00
"LOMBARDIA";"PV";"PIEVE DEL CAIRO";"CINGHIALE(SELVATICI)";NA;NA;8.814228;45.062427;"N";2022-03-18;2022-03-19 00:00:00
"LIGURIA";"SV";"VEZZI PORTIO";"CINGHIALE(SELVATICI)";NA;NA;8.364476;44.218062;"N";2022-01-30;2022-01-31 00:00:00
"PIEMONTE";"AL";"TAGLIOLO MONFERRATO";"CINGHIALE(SELVATICI)";NA;NA;8.714965;44.593873;"N";2022-01-22;2022-01-22 10:00:00
"PIEMONTE";"AL";"VALENZA";"CINGHIALE(SELVATICI)";NA;NA;8.626783;45.012954;"N";2022-01-18;2022-01-18 14:00:00
"PIEMONTE";"AT";"MOMBERCELLI";"CINGHIALE(SELVATICI)";NA;NA;8.303348;44.815492;"N";2022-05-01;2022-05-01 23:45:00
"PIEMONTE";"AT";"MOMBERCELLI";"CINGHIALE(SELVATICI)";NA;NA;8.303348;44.815492;"N";2022-05-01;2022-05-01 23:45:00
"PIEMONTE";"AL";"MONTECASTELLO";"CINGHIALE(SELVATICI)";NA;NA;8.686936;44.947113;"N";2022-04-23;2022-04-24 00:00:00
"LOMBARDIA";"PV";"SAN GIORGIO DI LOMELLINA";"CINGHIALE(SELVATICI)";NA;NA;8.785545;45.172964;"N";2022-01-25;2022-01-26 00:00:00
"EMILIA-ROMAGNA";"PC";"VILLANOVA SULL'ARDA";"SUINI(DOMESTICI)";NA;NA;10.00853;45.00593;"N";2022-03-14;2022-03-14 11:00:00
"PIEMONTE";"AT";"ASTI";"CINGHIALE(SELVATICI)";NA;NA;8.248352;44.956455;"N";2022-02-17;2022-02-17 15:00:00
"LOMBARDIA";"PV";"CAVA MANARA";"CINGHIALE(SELVATICI)";NA;NA;9.105515;45.140966;"N";2022-04-15;2022-04-16 00:00:00
"PIEMONTE";"AT";"CASTELNUOVO CALCEA";"CINGHIALE(SELVATICI)";NA;NA;8.289968;44.788204;"N";2022-04-05;2022-04-06 00:00:00
"PIEMONTE";"AL";"LU E CUCCARO MONFERRATO";"CINGHIALE(SELVATICI)";NA;NA;8.500769;44.99794;"N";2022-02-06;2022-02-06 16:00:00
"LIGURIA";"GE";"FONTANIGORDA";"SUINI(DOMESTICI)";NA;NA;9.271831;44.535793;"N";2022-01-26;2022-01-26 10:30:00
"LIGURIA";"GE";"GENOVA";"CINGHIALE(SELVATICI)";NA;NA;8.949004;44.41777;"N";2022-02-01;2022-02-01 14:00:00
"LOMBARDIA";"PV";"VOGHERA";"CINGHIALE(SELVATICI)";NA;NA;9.012044;44.99166;"N";2022-03-05;2022-03-06 00:00:00
"LOMBARDIA";"PV";"BAGNARIA";"CINGHIALE(SELVATICI)";NA;NA;9.1287;44.8184;"N";2022-01-21;2022-01-22 00:00:00
"LIGURIA";"SV";"COSSERIA";"CINGHIALE(SELVATICI)";NA;NA;8.236566;44.372345;"N";2022-02-07;2022-02-08 00:00:00
"LIGURIA";"GE";"GENOVA";"CINGHIALE(SELVATICI)";NA;NA;8.960506;44.406987;"N";2022-02-28;2022-03-01 00:00:00
"PIEMONTE";"AL";"CASSINE";"CINGHIALE(SELVATICI)";NA;NA;8.529933;44.766007;"N";2022-02-26;2022-02-26 18:00:00
"LIGURIA";"SV";"SAVONA";"CINGHIALE(SELVATICI)";NA;NA;8.446862;44.317507;"N";2022-02-15;2022-02-16 00:00:00
"LIGURIA";"GE";"RECCO";"CINGHIALE(SELVATICI)";NA;NA;9.155541;44.361968;"N";2022-03-20;2022-03-21 00:00:00
"PIEMONTE";"CN";"MONTELUPO ALBESE";"CINGHIALE(SELVATICI)";NA;NA;8.016659;44.623785;"N";2022-03-10;2022-03-10 15:00:00
"LIGURIA";"SV";"ANDORA";"CINGHIALE(SELVATICI)";NA;NA;8.136151;43.952486;"N";2022-04-03;2022-04-04 00:00:00
"LIGURIA";"GE";"GENOVA";"CINGHIALE(SELVATICI)";NA;NA;8.92298;44.41709;"N";2022-02-02;2022-02-03 00:00:00
"LIGURIA";"GE";"GENOVA";"CINGHIALE(SELVATICI)";NA;NA;8.950768;44.408193;"N";2022-03-29;2022-03-30 00:00:00
"PIEMONTE";"AL";"CASSINE";"CINGHIALE(SELVATICI)";NA;NA;8.521865;44.743867;"N";2022-03-17;2022-03-17 13:00:00
"LOMBARDIA";"PV";"BRONI";"CINGHIALE(SELVATICI)";NA;NA;9.256917;45.064264;"N";2022-03-17;2022-03-18 00:00:00
"LOMBARDIA";"PV";"CASTELLETTO DI BRANDUZZO";"CINGHIALE(SELVATICI)";NA;NA;9.088252;45.059665;"N";2022-03-07;2022-03-08 00:00:00
"PIEMONTE";"CN";"CHERASCO";"CINGHIALE(SELVATICI)";NA;NA;7.864372;44.642965;"N";2022-01-02;2022-01-03 00:00:00
"PIEMONTE";"CN";"GARESSIO";"CINGHIALE(SELVATICI)";NA;NA;7.981441;44.184743;"N";2022-04-26;2022-04-26 11:19:00
"LOMBARDIA";"PV";"BEREGUARDO";"CINGHIALE(SELVATICI)";NA;NA;9.027924;45.258162;"N";2022-03-01;2022-03-02 00:00:00
"PIEMONTE";"AT";"MONTEGROSSO D'ASTI";"CINGHIALE(SELVATICI)";NA;NA;8.240487;44.833166;"N";2022-04-05;2022-04-05 09:30:00
"PIEMONTE";"CN";"NARZOLE";"CINGHIALE(SELVATICI)";NA;NA;7.886946;44.591663;"N";2022-03-28;2022-03-28 10:00:00
"PIEMONTE";"AL";"CASALE MONFERRATO";"CINGHIALE(SELVATICI)";NA;NA;8.450503;45.131609;"N";2022-02-02;2022-02-02 15:45:00
"PIEMONTE";"AT";"ASTI";"CINGHIALE(SELVATICI)";NA;NA;8.180731;44.872662;"N";2022-03-13;2022-03-13 20:00:00
"PIEMONTE";"AL";"QUATTORDIO";"CINGHIALE(SELVATICI)";NA;NA;8.384787;44.922353;"N";2022-01-08;2022-01-08 10:00:00
"PIEMONTE";"AL";"CARPENETO";"CINGHIALE(SELVATICI)";NA;NA;8.607246;44.675404;"N";2022-01-09;2022-01-09 18:00:00
"LIGURIA";"GE";"GENOVA";"CINGHIALE(SELVATICI)";NA;NA;8.89759;44.44185;"N";2022-02-26;2022-02-27 00:00:00
"PIEMONTE";"CN";"MURAZZANO";"CINGHIALE(SELVATICI)";NA;NA;7.992118;44.484011;"N";2022-03-02;2022-03-02 14:30:00
"LOMBARDIA";"PV";"COLLI VERDI";"CINGHIALE(SELVATICI)";NA;NA;9.229494;44.863654;"N";2022-01-28;2022-01-29 00:00:00
"PIEMONTE";"AL";"MASIO";"SUINI(DOMESTICI)";NA;NA;8.451836;44.864002;"N";2022-03-10;2022-03-10 11:45:00
"LOMBARDIA";"PV";"VAL DI NIZZA";"CINGHIALE(SELVATICI)";NA;NA;9.191708;44.882244;"N";2022-01-19;2022-01-20 00:00:00
"PIEMONTE";"AL";"OVADA";"CINGHIALE(SELVATICI)";NA;NA;8.63281;44.640249;"N";2022-04-24;2022-04-24 17:00:00
"PIEMONTE";"AT";"MONGARDINO";"CINGHIALE(SELVATICI)";NA;NA;8.214724;44.840104;"N";2022-04-15;2022-04-15 23:40:00
"PIEMONTE";"AL";"MASIO";"SUINI(DOMESTICI)";NA;NA;8.451836;44.864002;"N";2022-01-31;2022-01-31 15:00:00
"PIEMONTE";"AT";"INCISA SCAPACCINO";"CINGHIALE(SELVATICI)";NA;NA;8.376861;44.810049;"N";2022-01-28;2022-01-28 11:00:00
"LOMBARDIA";"PV";"ARENA PO";"CINGHIALE(SELVATICI)";NA;NA;9.43202;45.090872;"N";2022-02-22;2022-02-23 00:00:00
"PIEMONTE";"AL";"OVADA";"CINGHIALE(SELVATICI)";NA;NA;8.632466;44.640249;"N";2022-04-27;2022-04-27 09:00:00
"PIEMONTE";"AL";"TORTONA";"CINGHIALE(SELVATICI)";NA;NA;8.862893;44.888296;"N";2022-03-23;2022-03-23 11:00:00
"PIEMONTE";"AT";"MOMBERCELLI";"CINGHIALE(SELVATICI)";NA;NA;8.293646;44.81396;"N";2022-04-06;2022-04-06 19:00:00
"LOMBARDIA";"PV";"VAL DI NIZZA";"CINGHIALE(SELVATICI)";NA;NA;9.191708;44.882244;"N";2022-01-12;2022-01-13 00:00:00
"PIEMONTE";"AL";"SALA MONFERRATO";"CINGHIALE(SELVATICI)";NA;NA;8.360427;45.065111;"N";2022-04-20;2022-04-20 13:30:00
"PIEMONTE";"AL";"BORGORATTO ALESSANDRINO";"SUINI(DOMESTICI)";NA;NA;8.504962;44.816611;"N";2022-04-23;2022-04-23 12:30:00
"PIEMONTE";"AL";"MASIO";"SUINI(DOMESTICI)";NA;NA;8.451836;44.864002;"N";2022-03-21;2022-03-21 10:00:00
"LIGURIA";"GE";"SANTA MARGHERITA LIGURE";"CINGHIALE(SELVATICI)";NA;NA;9.213659;44.334574;"N";2022-05-03;2022-05-03 20:15:00
"PIEMONTE";"CN";"PAESANA";"CINGHIALE(SELVATICI)";NA;NA;7.23371;44.68731;"N";2022-02-28;2022-02-28 12:00:00
"PIEMONTE";"AL";"MERANA";"CINGHIALE(SELVATICI)";NA;NA;8.313847;44.50301;"N";2022-02-08;2022-02-08 15:40:00
"LIGURIA";"GE";"GENOVA";"CINGHIALE(SELVATICI)";NA;NA;8.97044;44.415435;"N";2022-03-04;2022-03-04 16:00:00
"EMILIA-ROMAGNA";"PC";"PONTENURE";"SUINI(DOMESTICI)";NA;NA;9.76311;44.99748;"N";2022-02-15;2022-02-15 11:00:00
"LIGURIA";"SV";"CAIRO MONTENOTTE";"SUINI(DOMESTICI)";NA;NA;8.281127;44.407765;"N";2022-02-16;2022-02-16 14:00:00
"PIEMONTE";"AL";"MORBELLO";"CINGHIALE(SELVATICI)";NA;NA;8.51718;44.598308;"N";2022-01-23;2022-01-23 10:00:00
"PIEMONTE";"AT";"AGLIANO TERME";"CINGHIALE(SELVATICI)";NA;NA;8.22667;44.773182;"N";2022-05-02;2022-05-02 23:30:00
"PIEMONTE";"AL";"ROSIGNANO MONFERRATO";"CINGHIALE(SELVATICI)";NA;NA;8.391289;45.080069;"N";2022-04-29;2022-04-29 15:30:00
"LOMBARDIA";"PV";"CASTELLETTO DI BRANDUZZO";"CINGHIALE(SELVATICI)";NA;NA;9.088252;45.059665;"N";2022-03-11;2022-03-12 00:00:00
"EMILIA-ROMAGNA";"PC";"ALSENO";"CINGHIALE(SELVATICI)";NA;NA;9.903371;44.920895;"N";2022-02-02;2022-02-02 10:00:00
"EMILIA-ROMAGNA";"PC";"PONTENURE";"SUINI(DOMESTICI)";NA;NA;9.76311;44.99748;"N";2022-02-15;2022-02-15 11:00:00
"PIEMONTE";"AL";"VIGNOLE BORBERA";"CINGHIALE(SELVATICI)";NA;NA;8.888072;44.703909;"N";2022-02-15;2022-02-15 15:00:00
"PIEMONTE";"AL";"PECETTO DI VALENZA";"CINGHIALE(SELVATICI)";NA;NA;8.698336;44.996574;"N";2022-03-09;2022-03-09 08:30:00
"LOMBARDIA";"PV";"SANTA CRISTINA E BISSONE";"CINGHIALE(SELVATICI)";NA;NA;9.3999;45.166258;"N";2022-02-28;2022-03-01 00:00:00
"LIGURIA";"GE";"BUSALLA";"CINGHIALE(SELVATICI)";NA;NA;8.9725;44.58915;"N";2022-03-25;2022-03-25 11:20:00
"LIGURIA";"GE";"GENOVA";"CINGHIALE(SELVATICI)";NA;NA;8.951;44.431613;"N";2022-03-14;2022-03-15 00:00:00
"PIEMONTE";"AL";"TORTONA";"CINGHIALE(SELVATICI)";NA;NA;8.802908;44.902994;"N";2022-02-03;2022-02-03 12:59:00
"PIEMONTE";"AT";"COSTIGLIOLE D'ASTI";"SUINI(DOMESTICI)";NA;NA;8.160367;44.795159;"N";2022-03-14;2022-03-14 14:00:00
"PIEMONTE";"AL";"MASIO";"SUINI(DOMESTICI)";NA;NA;8.451836;44.864002;"N";2022-03-09;2022-03-10 00:00:00
"PIEMONTE";"AL";"CANTALUPO LIGURE";"CINGHIALE(SELVATICI)";NA;NA;9.047705;44.714403;"N";2022-04-23;2022-04-24 00:00:00
"PIEMONTE";"AL";"BELFORTE MONFERRATO";"CINGHIALE(SELVATICI)";NA;NA;8.669384;44.614502;"N";2022-04-12;2022-04-12 15:50:00
"LIGURIA";"SV";"ALBISSOLA MARINA";"CINGHIALE(SELVATICI)";NA;NA;8.50576;44.32752;"N";2022-01-29;2022-01-30 00:00:00
"PIEMONTE";"AT";"INCISA SCAPACCINO";"CINGHIALE(SELVATICI)";NA;NA;8.379625;44.812132;"N";2022-01-28;2022-01-28 10:30:00
"PIEMONTE";"CN";"CUNEO";"CINGHIALE(SELVATICI)";NA;NA;7.542671;44.384477;"N";2022-02-20;2022-02-20 21:30:00
"PIEMONTE";"AL";"MASIO";"CINGHIALE(SELVATICI)";NA;NA;8.399215;44.849023;"N";2022-03-21;2022-03-21 16:00:00
"PIEMONTE";"AL";"SAN SALVATORE MONFERRATO";"CINGHIALE(SELVATICI)";NA;NA;8.535631;45.015239;"N";2022-04-20;2022-04-20 09:00:00
"LIGURIA";"SV";"VARAZZE";"CINGHIALE(SELVATICI)";NA;NA;8.534396;44.396077;"N";2022-04-19;2022-04-19 19:45:00
"LIGURIA";"GE";"GENOVA";"CINGHIALE(SELVATICI)";NA;NA;8.95374;44.41362;"N";2022-04-16;2022-04-16 16:00:00
"LIGURIA";"GE";"GENOVA";"CINGHIALE(SELVATICI)";NA;NA;8.979645;44.455168;"N";2022-04-20;2022-04-20 14:20:00
"PIEMONTE";"CN";"CHERASCO";"CINGHIALE(SELVATICI)";NA;NA;7.869779;44.635545;"N";2022-04-16;2022-04-17 00:05:00
"PIEMONTE";"AT";"VILLANOVA D'ASTI";"CINGHIALE(SELVATICI)";NA;NA;7.948158;44.982189;"N";2022-01-24;2022-01-24 11:00:00
"PIEMONTE";"AL";"VIGNOLE BORBERA";"CINGHIALE(SELVATICI)";NA;NA;8.893051;44.6996;"N";2022-03-18;2022-03-19 00:00:00
"LIGURIA";"GE";"GENOVA";"CINGHIALE(SELVATICI)";NA;NA;8.90223;44.47154;"N";2022-02-09;2022-02-09 10:00:00
"PIEMONTE";"AL";"MASIO";"CINGHIALE(SELVATICI)";NA;NA;8.400434;44.871551;"N";2022-04-21;2022-04-22 00:00:00
"PIEMONTE";"AT";"VAGLIO SERRA";"CINGHIALE(SELVATICI)";NA;NA;8.332568;44.808516;"N";2022-03-11;2022-03-11 11:00:00
"PIEMONTE";"AT";"AZZANO D'ASTI";"CINGHIALE(SELVATICI)";NA;NA;8.275953;44.885112;"N";2022-02-03;2022-02-03 12:30:00
"LIGURIA";"GE";"GENOVA";"CINGHIALE(SELVATICI)";NA;NA;8.946944;44.406111;"N";2022-02-28;2022-03-01 00:00:00
"LIGURIA";"GE";"BOGLIASCO";"CINGHIALE(SELVATICI)";NA;NA;9.07848;44.37895;"N";2022-02-01;2022-02-01 12:30:00
"PIEMONTE";"AL";"ROCCA GRIMALDA";"CINGHIALE(SELVATICI)";NA;NA;8.663371;44.701217;"N";2022-01-19;2022-01-19 11:45:00
"PIEMONTE";"CN";"LEVICE";"CINGHIALE(SELVATICI)";NA;NA;8.160373;44.51667;"N";2022-01-17;2022-01-17 18:00:00
"LIGURIA";"GE";"GENOVA";"CINGHIALE(SELVATICI)";NA;NA;9.01977;44.450585;"N";2022-04-28;2022-04-28 15:00:00
"LOMBARDIA";"PV";"CASTELLETTO DI BRANDUZZO";"CINGHIALE(SELVATICI)";NA;NA;9.088252;45.059665;"N";2022-03-07;2022-03-08 00:00:00
"LIGURIA";"GE";"SERRA RICCO'";"CINGHIALE(SELVATICI)";NA;NA;8.918523;44.5023;"N";2022-05-04;2022-05-05 00:00:00
"PIEMONTE";"AT";"SAN DAMIANO D'ASTI";"CINGHIALE(SELVATICI)";NA;NA;8.056443;44.8243;"N";2022-01-17;2022-01-17 11:40:00
"LIGURIA";"GE";"GENOVA";"CINGHIALE(SELVATICI)";NA;NA;8.937727;44.411359;"N";2022-04-28;2022-04-28 15:00:00
"LIGURIA";"GE";"GENOVA";"CINGHIALE(SELVATICI)";NA;NA;8.898219;44.442217;"N";2022-04-20;2022-04-20 14:30:00
"PIEMONTE";"CN";"MOROZZO";"SUINI(DOMESTICI)";NA;NA;7.655414;44.423568;"N";2022-04-26;2022-04-26 10:00:00
"PIEMONTE";"CN";"LISIO";"CINGHIALE(SELVATICI)";NA;NA;7.980147;44.311593;"N";2022-03-21;2022-03-21 11:00:00
"LIGURIA";"GE";"BUSALLA";"CINGHIALE(SELVATICI)";NA;NA;8.979217;44.582396;"N";2022-03-28;2022-03-28 10:00:00
"PIEMONTE";"AL";"VOLTAGGIO";"CINGHIALE(SELVATICI)";NA;NA;8.813924;44.621141;"N";2022-01-11;2022-01-11 10:00:00
"PIEMONTE";"AL";"GRONDONA";"CINGHIALE(SELVATICI)";NA;NA;8.989804;44.701258;"N";2022-03-04;2022-03-04 15:00:00
"PIEMONTE";"AL";"MASIO";"SUINI(DOMESTICI)";NA;NA;8.451836;44.864002;"N";2022-03-21;2022-03-21 10:00:00
"PIEMONTE";"AT";"PIOVA' MASSAIA";"CINGHIALE(SELVATICI)";NA;NA;8.034495;45.028926;"N";2022-03-07;2022-03-07 15:00:00
"PIEMONTE";"AT";"ASTI";"CINGHIALE(SELVATICI)";NA;NA;8.155526;44.900209;"N";2022-03-14;2022-03-14 12:30:00
"LIGURIA";"GE";"GENOVA";"CINGHIALE(SELVATICI)";NA;NA;8.9475;44.42476;"N";2022-02-03;2022-02-04 00:00:00
"PIEMONTE";"AL";"PONZONE";"CINGHIALE(SELVATICI)";NA;NA;8.458895;44.565336;"N";2022-04-23;2022-04-24 00:00:00
"PIEMONTE";"AT";"MOMBERCELLI";"CINGHIALE(SELVATICI)";NA;NA;8.287481;44.802958;"N";2022-04-21;2022-04-21 23:00:00
"PIEMONTE";"CN";"PEZZOLO VALLE UZZONE";"CINGHIALE(SELVATICI)";NA;NA;8.196479;44.545643;"N";2022-01-21;2022-01-21 16:00:00
"LOMBARDIA";"PV";"PONTE NIZZA";"CINGHIALE(SELVATICI)";NA;NA;9.145889;44.855611;"N";2022-01-21;2022-01-22 00:00:00
"PIEMONTE";"AL";"ALESSANDRIA";"CINGHIALE(SELVATICI)";NA;NA;8.635369;44.942763;"N";2022-01-26;2022-01-26 12:00:00
"PIEMONTE";"AT";"AGLIANO TERME";"CINGHIALE(SELVATICI)";NA;NA;8.231444;44.767593;"N";2022-04-25;2022-04-25 23:30:00
"PIEMONTE";"AT";"NIZZA MONFERRATO";"CINGHIALE(SELVATICI)";NA;NA;8.315696;44.769995;"N";2022-02-09;2022-02-09 22:00:00
"LIGURIA";"GE";"RECCO";"CINGHIALE(SELVATICI)";NA;NA;9.156526;44.3808;"N";2022-03-25;2022-03-25 13:00:00
"LIGURIA";"SV";"MALLARE";"CINGHIALE(SELVATICI)";NA;NA;8.294285;44.291544;"N";2022-03-14;2022-03-15 00:00:00
"PIEMONTE";"AL";"VALENZA";"CINGHIALE(SELVATICI)";NA;NA;8.65073;44.99584;"N";2022-04-20;2022-04-20 10:00:00
"PIEMONTE";"AL";"BORGORATTO ALESSANDRINO";"SUINI(DOMESTICI)";NA;NA;8.504962;44.816611;"N";2022-04-05;2022-04-05 15:00:00
"PIEMONTE";"AT";"INCISA SCAPACCINO";"CINGHIALE(SELVATICI)";NA;NA;8.378329;44.809355;"N";2022-01-28;2022-01-28 10:45:00
"PIEMONTE";"AL";"ALESSANDRIA";"CINGHIALE(SELVATICI)";NA;NA;8.537179;44.916634;"N";2022-04-23;2022-04-24 00:00:00
"PIEMONTE";"AL";"MASIO";"CINGHIALE(SELVATICI)";NA;NA;8.402708;44.87146;"N";2022-04-21;2022-04-22 00:00:00
"LOMBARDIA";"PV";"VOGHERA";"CINGHIALE(SELVATICI)";NA;NA;9.012044;44.99166;"N";2022-01-12;2022-01-13 00:00:00
"PIEMONTE";"AT";"CORTIGLIONE";"CINGHIALE(SELVATICI)";NA;NA;8.356255;44.832621;"N";2022-02-23;2022-02-23 12:20:00
"LIGURIA";"GE";"SERRA RICCO'";"CINGHIALE(SELVATICI)";NA;NA;8.94161;44.508213;"N";2022-01-07;2022-01-07 11:00:00
"PIEMONTE";"CN";"GARESSIO";"CINGHIALE(SELVATICI)";NA;NA;7.984831;44.189251;"N";2022-03-12;2022-03-12 11:00:00
"LOMBARDIA";"PV";"PONTE NIZZA";"CINGHIALE(SELVATICI)";NA;NA;9.097394;44.851255;"N";2022-04-27;2022-04-28 00:00:00
"LOMBARDIA";"PV";"VARZI";"CINGHIALE(SELVATICI)";NA;NA;9.174894;44.778423;"N";2022-03-16;2022-03-17 00:00:00
"LOMBARDIA";"PV";"BADIA PAVESE";"CINGHIALE(SELVATICI)";NA;NA;9.468869;45.121747;"N";2022-04-03;2022-04-04 00:00:00
"PIEMONTE";"AL";"OTTIGLIO";"CINGHIALE(SELVATICI)";NA;NA;8.335587;45.050657;"N";2022-03-04;2022-03-04 08:00:00
"LIGURIA";"GE";"RAPALLO";"CINGHIALE(SELVATICI)";NA;NA;9.23703;44.368191;"N";2022-03-08;2022-03-08 10:00:00
"LOMBARDIA";"PV";"BRALLO DI PREGOLA";"CINGHIALE(SELVATICI)";NA;NA;9.246175;44.751326;"N";2022-01-29;2022-01-30 00:00:00
"PIEMONTE";"AT";"PORTACOMARO";"CINGHIALE(SELVATICI)";NA;NA;8.280703;44.937236;"N";2022-01-18;2022-01-19 00:00:00
"LOMBARDIA";"PV";"VOGHERA";"SUINI(DOMESTICI)";NA;NA;8.995511;45.007473;"N";2022-01-19;2022-01-20 00:00:00
"LIGURIA";"GE";"GENOVA";"CINGHIALE(SELVATICI)";NA;NA;9.019486;44.384319;"N";2022-01-09;2022-01-09 08:00:00
"LOMBARDIA";"PV";"VAL DI NIZZA";"CINGHIALE(SELVATICI)";NA;NA;9.194668;44.895498;"N";2022-02-04;2022-02-05 00:00:00
"LIGURIA";"GE";"GENOVA";"CINGHIALE(SELVATICI)";NA;NA;8.94739;44.4194;"N";2022-03-15;2022-03-16 00:00:00
"PIEMONTE";"AL";"CASSINELLE";"CINGHIALE(SELVATICI)";NA;NA;8.566162;44.582403;"N";2022-02-03;2022-02-03 19:00:00
"LIGURIA";"SV";"BERGEGGI";"CINGHIALE(SELVATICI)";NA;NA;8.440218;44.244911;"N";2022-03-02;2022-03-03 00:00:00
"LIGURIA";"GE";"RECCO";"CINGHIALE(SELVATICI)";NA;NA;9.148564;44.369475;"N";2022-04-13;2022-04-13 14:00:00
"LIGURIA";"SV";"COSSERIA";"CINGHIALE(SELVATICI)";NA;NA;8.240704;44.372283;"N";2022-04-14;2022-04-14 12:15:00
"PIEMONTE";"AL";"OVADA";"CINGHIALE(SELVATICI)";NA;NA;8.638839;44.656263;"N";2022-04-09;2022-04-09 11:15:00
"PIEMONTE";"AT";"INCISA SCAPACCINO";"CINGHIALE(SELVATICI)";NA;NA;8.38975;44.800479;"N";2022-01-23;2022-01-23 22:30:00
"LOMBARDIA";"PV";"STRADELLA";"CINGHIALE(SELVATICI)";NA;NA;9.302257;45.078975;"N";2022-03-20;2022-03-21 00:00:00
"EMILIA-ROMAGNA";"PC";"CORTEMAGGIORE";"SUINI(DOMESTICI)";NA;NA;9.92658;45.00296;"N";2022-01-25;2022-01-25 10:00:00
"LIGURIA";"GE";"FONTANIGORDA";"CINGHIALE(SELVATICI)";NA;NA;9.291295;44.547021;"N";2022-03-22;2022-03-23 00:00:00
"PIEMONTE";"AT";"MONTEGROSSO D'ASTI";"CINGHIALE(SELVATICI)";NA;NA;8.208145;44.83002;"N";2022-04-05;2022-04-05 09:30:00
"PIEMONTE";"AL";"BISTAGNO";"CINGHIALE(SELVATICI)";NA;NA;8.368943;44.660504;"N";2022-01-12;2022-01-12 11:00:00
"LIGURIA";"GE";"VOBBIA";"CINGHIALE(SELVATICI)";NA;NA;9.063145;44.612553;"N";2022-04-08;2022-04-09 00:00:00
"PIEMONTE";"AL";"ROCCA GRIMALDA";"CINGHIALE(SELVATICI)";NA;NA;8.639821;44.686204;"N";2022-03-01;2022-03-01 09:00:00
"LOMBARDIA";"PV";"VAL DI NIZZA";"CINGHIALE(SELVATICI)";NA;NA;9.191708;44.882244;"N";2022-02-25;2022-02-26 00:00:00
"EMILIA-ROMAGNA";"PC";"PIACENZA";"CINGHIALE(SELVATICI)";NA;NA;9.633984;45.03395;"N";2022-02-28;2022-03-01 00:00:00
"LIGURIA";"GE";"GENOVA";"CINGHIALE(SELVATICI)";NA;NA;8.95386;44.41382;"N";2022-04-16;2022-04-16 18:30:00
"LIGURIA";"GE";"CAMOGLI";"CINGHIALE(SELVATICI)";NA;NA;9.178426;44.319068;"N";2022-04-12;2022-04-12 11:00:00
"LIGURIA";"SV";"ALBENGA";"CINGHIALE(SELVATICI)";NA;NA;8.211072;44.036958;"N";2022-01-24;2022-01-24 14:00:00
"LOMBARDIA";"PV";"STRADELLA";"CINGHIALE(SELVATICI)";NA;NA;9.302257;45.078975;"N";2022-02-12;2022-02-13 00:00:00
"LOMBARDIA";"PV";"SCALDASOLE";"CINGHIALE(SELVATICI)";NA;NA;8.908054;45.123545;"N";2022-04-22;2022-04-23 00:00:00
"LIGURIA";"GE";"SANTA MARGHERITA LIGURE";"CINGHIALE(SELVATICI)";NA;NA;9.207399;44.311488;"N";2022-04-20;2022-04-20 14:00:00
"LIGURIA";"GE";"GENOVA";"CINGHIALE(SELVATICI)";NA;NA;9.01203;44.390323;"N";2022-05-03;2022-05-03 14:00:00
"LIGURIA";"GE";"GENOVA";"CINGHIALE(SELVATICI)";NA;NA;8.987446;44.403564;"N";2022-02-28;2022-03-01 00:00:00
"LIGURIA";"GE";"SORI";"CINGHIALE(SELVATICI)";NA;NA;9.115705;44.387169;"N";2022-03-19;2022-03-20 00:00:00
"PIEMONTE";"AL";"ALESSANDRIA";"CINGHIALE(SELVATICI)";NA;NA;8.613761;44.943993;"N";2022-04-07;2022-04-07 12:12:00
"LIGURIA";"GE";"GENOVA";"CINGHIALE(SELVATICI)";NA;NA;8.98059;44.439596;"N";2022-01-12;2022-01-12 12:00:00
"PIEMONTE";"AL";"BISTAGNO";"CINGHIALE(SELVATICI)";NA;NA;8.368943;44.660504;"N";2022-01-12;2022-01-12 11:00:00
"LIGURIA";"SV";"ANDORA";"CINGHIALE(SELVATICI)";NA;NA;8.140561;43.961292;"N";2022-01-14;2022-01-15 00:00:00
"PIEMONTE";"AT";"ASTI";"CINGHIALE(SELVATICI)";NA;NA;8.16146;44.93259;"N";2022-03-04;2022-03-04 11:30:00
"EMILIA-ROMAGNA";"PC";"BOBBIO";"CINGHIALE(SELVATICI)";NA;NA;9.38595;44.770088;"N";2022-01-20;2022-01-20 11:00:00
"LOMBARDIA";"PV";"VAL DI NIZZA";"CINGHIALE(SELVATICI)";NA;NA;9.191708;44.882244;"N";2022-01-11;2022-01-12 00:00:00
"LOMBARDIA";"PV";"LANDRIANO";"SUINI(DOMESTICI)";NA;NA;9.254659;45.31414;"N";2022-03-19;2022-03-20 00:00:00
"PIEMONTE";"CN";"FOSSANO";"CINGHIALE(SELVATICI)";NA;NA;7.700518;44.50831;"N";2022-01-17;2022-01-17 11:00:00
"LIGURIA";"GE";"GENOVA";"CINGHIALE(SELVATICI)";NA;NA;8.937342;44.412004;"N";2022-04-28;2022-04-28 15:00:00
"PIEMONTE";"AL";"POZZOLO FORMIGARO";"CINGHIALE(SELVATICI)";NA;NA;8.780196;44.811065;"N";2022-03-10;2022-03-10 10:00:00
"PIEMONTE";"CN";"CUNEO";"CINGHIALE(SELVATICI)";NA;NA;7.55001;44.404378;"N";2022-01-09;2022-01-09 01:00:00
"PIEMONTE";"AL";"BISTAGNO";"CINGHIALE(SELVATICI)";NA;NA;8.368943;44.660504;"N";2022-01-12;2022-01-12 11:00:00
"PIEMONTE";"CN";"POCAPAGLIA";"CINGHIALE(SELVATICI)";NA;NA;7.865108;44.732907;"N";2022-03-15;2022-03-15 17:45:00
"LIGURIA";"SV";"ANDORA";"CINGHIALE(SELVATICI)";NA;NA;8.140561;43.961292;"N";2022-01-14;2022-01-15 00:00:00
"PIEMONTE";"AL";"ACQUI TERME";"CINGHIALE(SELVATICI)";NA;NA;8.483519;44.666542;"N";2022-02-02;2022-02-02 13:00:00
"PIEMONTE";"AL";"MASIO";"SUINI(DOMESTICI)";NA;NA;8.451836;44.864002;"N";2022-03-21;2022-03-21 10:00:00
"PIEMONTE";"AL";"MASIO";"SUINI(DOMESTICI)";NA;NA;8.451836;44.864002;"N";2022-03-21;2022-03-21 10:00:00
"LOMBARDIA";"PV";"CANDIA LOMELLINA";"CINGHIALE(SELVATICI)";NA;NA;8.594426;45.176571;"N";2022-03-02;2022-03-03 00:00:00
"PIEMONTE";"AL";"QUARGNENTO";"CINGHIALE(SELVATICI)";NA;NA;8.454302;44.931039;"N";2022-05-02;2022-05-02 15:00:00
"PIEMONTE";"AL";"FELIZZANO";"CINGHIALE(SELVATICI)";NA;NA;8.414933;44.88114;"N";2022-04-25;2022-04-25 23:00:00
"LIGURIA";"GE";"GENOVA";"CINGHIALE(SELVATICI)";NA;NA;8.889674;44.421082;"N";2022-04-23;2022-04-23 20:00:00
"EMILIA-ROMAGNA";"PC";"CASTELL'ARQUATO";"CINGHIALE(SELVATICI)";NA;NA;9.85597;44.88337;"N";2022-03-23;2022-03-23 17:00:00
"LOMBARDIA";"PV";"BAGNARIA";"CINGHIALE(SELVATICI)";NA;NA;9.119962;44.827666;"N";2022-01-23;2022-01-24 00:00:00
"LOMBARDIA";"PV";"ZERBOLO'";"CINGHIALE(SELVATICI)";NA;NA;9.0224;45.206338;"N";2022-01-24;2022-01-25 00:00:00
"LOMBARDIA";"PV";"CAVA MANARA";"CINGHIALE(SELVATICI)";NA;NA;9.105515;45.140966;"N";2022-04-15;2022-04-16 00:00:00
"PIEMONTE";"AL";"MASIO";"SUINI(DOMESTICI)";NA;NA;8.451836;44.864002;"N";2022-03-21;2022-03-21 10:00:00
"PIEMONTE";"AL";"FUBINE MONFERRATO";"CINGHIALE(SELVATICI)";NA;NA;8.451877;44.947945;"N";2022-01-25;2022-01-26 00:00:00
"LIGURIA";"GE";"GENOVA";"CINGHIALE(SELVATICI)";NA;NA;8.937342;44.412004;"N";2022-04-28;2022-04-28 15:00:00
"LOMBARDIA";"PV";"ARENA PO";"CINGHIALE(SELVATICI)";NA;NA;9.43202;45.090872;"N";2022-02-22;2022-02-23 00:00:00
"PIEMONTE";"AL";"PIETRA MARAZZI";"CINGHIALE(SELVATICI)";NA;NA;8.674774;44.943849;"N";2022-04-21;2022-04-22 00:00:00
"PIEMONTE";"AT";"AGLIANO TERME";"CINGHIALE(SELVATICI)";NA;NA;8.231444;44.767593;"N";2022-04-25;2022-04-25 23:30:00
"LIGURIA";"GE";"RAPALLO";"CINGHIALE(SELVATICI)";NA;NA;9.238996;44.35964;"N";2022-04-25;2022-04-26 00:00:00
"PIEMONTE";"CN";"VERDUNO";"CINGHIALE(SELVATICI)";NA;NA;7.937061;44.682539;"N";2022-02-23;2022-02-23 16:45:00
"PIEMONTE";"AT";"BUBBIO";"CINGHIALE(SELVATICI)";NA;NA;8.289506;44.669615;"N";2022-02-27;2022-02-27 10:00:00
"PIEMONTE";"AL";"ALICE BEL COLLE";"CINGHIALE(SELVATICI)";NA;NA;8.454726;44.714286;"N";2022-03-08;2022-03-08 14:00:00
"PIEMONTE";"AL";"MASIO";"SUINI(DOMESTICI)";NA;NA;8.451836;44.864002;"N";2022-03-04;2022-03-04 11:00:00
"PIEMONTE";"AL";"VOLPEDO";"SUINI(DOMESTICI)";NA;NA;9.008274;44.887529;"N";2022-01-12;2022-01-12 12:00:00
"PIEMONTE";"AL";"ACQUI TERME";"CINGHIALE(SELVATICI)";NA;NA;8.481478;44.665334;"N";2022-01-14;2022-01-14 17:00:00
"LIGURIA";"GE";"GENOVA";"CINGHIALE(SELVATICI)";NA;NA;9.015227;44.44914;"N";2022-03-25;2022-03-26 00:00:00
"LIGURIA";"GE";"GENOVA";"CINGHIALE(SELVATICI)";NA;NA;8.974997;44.401584;"N";2022-03-15;2022-03-16 00:00:00
"LIGURIA";"GE";"RAPALLO";"CINGHIALE(SELVATICI)";NA;NA;9.251742;44.348716;"N";2022-04-19;2022-04-19 13:00:00
"LIGURIA";"SV";"SASSELLO";"CINGHIALE(SELVATICI)";NA;NA;8.49182;44.500224;"N";2022-04-14;2022-04-14 11:00:00
"PIEMONTE";"AL";"MASIO";"CINGHIALE(SELVATICI)";NA;NA;8.450048;44.882162;"N";2022-04-09;2022-04-09 11:00:00
"PIEMONTE";"AT";"AGLIANO TERME";"CINGHIALE(SELVATICI)";NA;NA;8.239193;44.809111;"N";2022-04-20;2022-04-20 23:40:00
"LIGURIA";"GE";"GENOVA";"CINGHIALE(SELVATICI)";NA;NA;8.898219;44.442217;"N";2022-04-20;2022-04-20 14:50:00
"LIGURIA";"SV";"ANDORA";"CINGHIALE(SELVATICI)";NA;NA;8.137979;43.979039;"N";2022-04-25;2022-04-25 11:30:00
"LIGURIA";"GE";"SORI";"CINGHIALE(SELVATICI)";NA;NA;9.114249;44.368249;"N";2022-03-23;2022-03-24 00:00:00
"PIEMONTE";"CN";"MONDOVI'";"CINGHIALE(SELVATICI)";NA;NA;7.819671;44.395343;"N";2022-03-20;2022-03-20 22:45:00
"PIEMONTE";"AL";"CARPENETO";"CINGHIALE(SELVATICI)";NA;NA;8.62156;44.687012;"N";2022-03-09;2022-03-09 08:45:00
"LOMBARDIA";"PV";"VAL DI NIZZA";"CINGHIALE(SELVATICI)";NA;NA;9.191708;44.882244;"N";2022-01-11;2022-01-12 00:00:00
"PIEMONTE";"AL";"ALESSANDRIA";"CINGHIALE(SELVATICI)";NA;NA;8.627129;44.953697;"N";2022-01-12;2022-01-12 15:00:00
"PIEMONTE";"CN";"MONTEROSSO GRANA";"CINGHIALE(SELVATICI)";NA;NA;7.320002;44.4092;"N";2022-03-17;2022-03-17 10:30:00
"LIGURIA";"GE";"CARASCO";"CINGHIALE(SELVATICI)";NA;NA;9.358883;44.346785;"N";2022-03-06;2022-03-07 00:00:00
"LIGURIA";"SV";"ANDORA";"CINGHIALE(SELVATICI)";NA;NA;8.136151;43.952486;"N";2022-04-03;2022-04-04 00:00:00
"PIEMONTE";"AT";"CORTIGLIONE";"CINGHIALE(SELVATICI)";NA;NA;8.372258;44.830021;"N";2022-03-25;2022-03-25 10:00:00
"LOMBARDIA";"PV";"ARENA PO";"CINGHIALE(SELVATICI)";NA;NA;9.43202;45.090872;"N";2022-02-22;2022-02-23 00:00:00
"LIGURIA";"SV";"TOIRANO";"CINGHIALE(SELVATICI)";NA;NA;8.15971;44.140258;"N";2022-03-24;2022-03-24 19:00:00
"LIGURIA";"GE";"GENOVA";"CINGHIALE(SELVATICI)";NA;NA;8.967218;44.397186;"N";2022-03-21;2022-03-21 04:00:00
"PIEMONTE";"AT";"INCISA SCAPACCINO";"CINGHIALE(SELVATICI)";NA;NA;8.364388;44.813341;"N";2022-02-25;2022-02-25 10:30:00
"LIGURIA";"GE";"GENOVA";"CINGHIALE(SELVATICI)";NA;NA;8.813336;44.431619;"N";2022-02-17;2022-02-17 10:00:00
"PIEMONTE";"AT";"ANTIGNANO";"CINGHIALE(SELVATICI)";NA;NA;8.169474;44.836804;"N";2022-02-16;2022-02-16 14:30:00
"PIEMONTE";"CN";"PEVERAGNO";"CINGHIALE(SELVATICI)";NA;NA;7.59607;44.3191;"N";2022-01-10;2022-01-10 11:00:00
"LIGURIA";"GE";"USCIO";"CINGHIALE(SELVATICI)";NA;NA;9.167799;44.411912;"N";2022-03-22;2022-03-22 15:00:00
"LIGURIA";"SV";"COSSERIA";"CINGHIALE(SELVATICI)";NA;NA;8.268146;44.362588;"N";2022-03-17;2022-03-18 00:00:00
"LIGURIA";"SV";"MILLESIMO";"CINGHIALE(SELVATICI)";NA;NA;8.209481;44.349389;"N";2022-01-11;2022-01-12 00:00:00
"LIGURIA";"GE";"BARGAGLI";"CINGHIALE(SELVATICI)";NA;NA;9.10218;44.430769;"N";2022-03-03;2022-03-03 12:00:00
"LOMBARDIA";"PV";"STRADELLA";"CINGHIALE(SELVATICI)";NA;NA;9.336935;45.069447;"N";2022-01-22;2022-01-23 00:00:00
"EMILIA-ROMAGNA";"PC";"MONTICELLI D'ONGINA";"SUINI(DOMESTICI)";NA;NA;9.93822;45.061719;"N";2022-04-05;2022-04-05 11:00:00
"EMILIA-ROMAGNA";"PC";"CASTELVETRO PIACENTINO";"SUINI(DOMESTICI)";NA;NA;10.01661;45.07547;"N";2022-03-11;2022-03-11 11:00:00
"LOMBARDIA";"PV";"TRAVACO' SICCOMARIO";"CINGHIALE(SELVATICI)";NA;NA;9.162157;45.151994;"N";2022-03-14;2022-03-15 00:00:00
"LIGURIA";"SV";"ZUCCARELLO";"SUINI(DOMESTICI)";NA;NA;8.1134;44.122444;"N";2022-01-29;2022-01-29 10:30:00
"LIGURIA";"SV";"CELLE LIGURE";"CINGHIALE(SELVATICI)";NA;NA;8.540558;44.34481;"N";2022-04-11;2022-04-12 00:00:00
"PIEMONTE";"AL";"MASIO";"SUINI(DOMESTICI)";NA;NA;8.451836;44.864002;"N";2022-03-21;2022-03-21 10:00:00
"LIGURIA";"SV";"ALBISSOLA MARINA";"CINGHIALE(SELVATICI)";NA;NA;8.500259;44.325486;"N";2022-01-30;2022-01-30 10:15:00
"PIEMONTE";"CN";"BERNEZZO";"CINGHIALE(SELVATICI)";NA;NA;7.430896;44.389783;"N";2022-01-18;2022-01-19 00:00:00
"PIEMONTE";"CN";"CORTEMILIA";"CINGHIALE(SELVATICI)";NA;NA;8.192209;44.580758;"N";2022-04-29;2022-04-29 13:00:00
"LIGURIA";"GE";"BOGLIASCO";"CINGHIALE(SELVATICI)";NA;NA;9.070569;44.387718;"N";2022-04-29;2022-04-29 15:00:00
"LOMBARDIA";"PV";"BADIA PAVESE";"CINGHIALE(SELVATICI)";NA;NA;9.468869;45.121747;"N";2022-02-21;2022-02-22 00:00:00
"PIEMONTE";"AL";"CAPRIATA D'ORBA";"CINGHIALE(SELVATICI)";NA;NA;8.682314;44.731587;"N";2022-01-08;2022-01-08 18:00:00
"PIEMONTE";"AL";"QUATTORDIO";"CINGHIALE(SELVATICI)";NA;NA;8.384101;44.922231;"N";2022-01-09;2022-01-09 11:00:00
"LOMBARDIA";"PV";"VAL DI NIZZA";"CINGHIALE(SELVATICI)";NA;NA;9.1617;44.8596;"N";2022-01-21;2022-01-22 00:00:00
"LIGURIA";"GE";"RAPALLO";"CINGHIALE(SELVATICI)";NA;NA;9.235605;44.35632;"N";2022-04-07;2022-04-07 09:00:00
"PIEMONTE";"AL";"QUARGNENTO";"CINGHIALE(SELVATICI)";NA;NA;8.49799;44.942568;"N";2022-02-03;2022-02-03 12:45:00
"PIEMONTE";"CN";"VICOFORTE";"CINGHIALE(SELVATICI)";NA;NA;7.877165;44.368403;"N";2022-03-05;2022-03-05 10:45:00
"PIEMONTE";"CN";"CUNEO";"CINGHIALE(SELVATICI)";NA;NA;7.55036;44.403673;"N";2022-04-20;2022-04-20 19:00:00
"PIEMONTE";"AL";"MASIO";"SUINI(DOMESTICI)";NA;NA;8.451836;44.864002;"N";2022-01-31;2022-01-31 15:30:00
"PIEMONTE";"AL";"CAMAGNA MONFERRATO";"SUINI(DOMESTICI)";NA;NA;8.449431;45.01517;"N";2022-01-03;2022-01-03 10:00:00
"PIEMONTE";"AL";"BISTAGNO";"CINGHIALE(SELVATICI)";NA;NA;8.379028;44.664228;"N";2022-04-18;2022-04-18 15:00:00
"LIGURIA";"SV";"VEZZI PORTIO";"CINGHIALE(SELVATICI)";NA;NA;8.364476;44.218062;"N";2022-01-30;2022-01-31 00:00:00
"PIEMONTE";"AT";"SETTIME";"CINGHIALE(SELVATICI)";NA;NA;8.119918;44.967403;"N";2022-04-29;2022-04-29 11:00:00
"EMILIA-ROMAGNA";"PC";"CORTEMAGGIORE";"SUINI(DOMESTICI)";NA;NA;9.92658;45.00296;"N";2022-01-25;2022-01-25 10:00:00
"PIEMONTE";"CN";"OSTANA";"CINGHIALE(SELVATICI)";NA;NA;7.190532;44.686857;"N";2022-01-13;2022-01-13 17:40:00
"PIEMONTE";"AL";"OCCIMIANO";"CINGHIALE(SELVATICI)";NA;NA;8.47375;45.08293;"N";2022-03-17;2022-03-17 13:00:00
"PIEMONTE";"AL";"ACQUI TERME";"CINGHIALE(SELVATICI)";NA;NA;8.494419;44.679688;"N";2022-01-10;2022-01-10 17:30:00
"PIEMONTE";"CN";"VEZZA D'ALBA";"CINGHIALE(SELVATICI)";NA;NA;8.007628;44.778266;"N";2022-01-10;2022-01-11 00:00:00
"PIEMONTE";"AL";"MERANA";"CINGHIALE(SELVATICI)";NA;NA;8.307415;44.507574;"N";2022-03-25;2022-03-25 15:00:00
"PIEMONTE";"AT";"VINCHIO";"CINGHIALE(SELVATICI)";NA;NA;8.3246;44.806638;"N";2022-03-25;2022-03-25 11:00:00
"PIEMONTE";"AL";"SAN SALVATORE MONFERRATO";"CINGHIALE(SELVATICI)";NA;NA;8.564642;45.008898;"N";2022-02-23;2022-02-23 10:00:00
"PIEMONTE";"AL";"CASSINE";"CINGHIALE(SELVATICI)";NA;NA;8.507145;44.741733;"N";2022-02-23;2022-02-23 10:15:00
"LIGURIA";"SV";"CARCARE";"CINGHIALE(SELVATICI)";NA;NA;8.29615;44.354152;"N";2022-01-10;2022-01-11 00:00:00
"PIEMONTE";"AT";"MONTIGLIO MONFERRATO";"SUINI(DOMESTICI)";NA;NA;8.136629;45.027222;"N";2022-03-15;2022-03-15 16:00:00
"LOMBARDIA";"PV";"CODEVILLA";"CINGHIALE(SELVATICI)";NA;NA;9.059029;44.963082;"N";2022-01-28;2022-01-29 00:00:00
"PIEMONTE";"AL";"MASIO";"SUINI(DOMESTICI)";NA;NA;8.451836;44.864002;"N";2022-03-21;2022-03-21 10:00:00
"LIGURIA";"GE";"GENOVA";"CINGHIALE(SELVATICI)";NA;NA;8.971497;44.408761;"N";2022-01-24;2022-01-24 11:00:00
"LIGURIA";"SV";"SASSELLO";"CINGHIALE(SELVATICI)";NA;NA;8.470212;44.510921;"N";2022-01-26;2022-01-26 17:30:00
"LIGURIA";"GE";"BARGAGLI";"CINGHIALE(SELVATICI)";NA;NA;9.109903;44.43764;"N";2022-04-24;2022-04-24 12:30:00
"PIEMONTE";"AL";"CASALE MONFERRATO";"CINGHIALE(SELVATICI)";NA;NA;8.398554;45.130489;"N";2022-02-20;2022-02-20 16:00:00
"PIEMONTE";"CN";"NIELLA BELBO";"CINGHIALE(SELVATICI)";NA;NA;8.089404;44.525728;"N";2022-02-21;2022-02-21 15:30:00
"PIEMONTE";"CN";"POCAPAGLIA";"CINGHIALE(SELVATICI)";NA;NA;7.872541;44.712816;"N";2022-02-14;2022-02-14 08:30:00
"PIEMONTE";"AL";"ROCCAFORTE LIGURE";"CINGHIALE(SELVATICI)";NA;NA;9.029274;44.675238;"N";2022-01-11;2022-01-11 09:00:00
"LOMBARDIA";"PV";"VAL DI NIZZA";"CINGHIALE(SELVATICI)";NA;NA;9.191708;44.882244;"N";2022-03-21;2022-03-22 00:00:00
"LIGURIA";"GE";"BUSALLA";"SUINI(DOMESTICI)";NA;NA;8.93961;44.5616;"N";2022-02-28;2022-03-01 00:00:00
"LOMBARDIA";"PV";"CASEI GEROLA";"CINGHIALE(SELVATICI)";NA;NA;8.94913;45.00003;"N";2022-01-28;2022-01-29 00:00:00
"EMILIA-ROMAGNA";"PC";"BORGONOVO VAL TIDONE";"CINGHIALE(SELVATICI)";NA;NA;9.46502;44.983646;"N";2022-02-26;2022-02-26 09:25:00
"PIEMONTE";"AT";"VALFENERA";"SUINI(DOMESTICI)";NA;NA;7.926684;44.881789;"N";2021-12-29;2021-12-29 09:30:00
"PIEMONTE";"AL";"CAPRIATA D'ORBA";"CINGHIALE(SELVATICI)";NA;NA;8.682292;44.755348;"N";2022-03-05;2022-03-05 18:00:00
"LIGURIA";"GE";"SORI";"CINGHIALE(SELVATICI)";NA;NA;9.114249;44.368249;"N";2022-03-23;2022-03-24 00:00:00
"PIEMONTE";"CN";"CERVERE";"CINGHIALE(SELVATICI)";NA;NA;7.776726;44.617194;"N";2022-04-08;2022-04-08 11:30:00
"PIEMONTE";"AL";"CASALE MONFERRATO";"CINGHIALE(SELVATICI)";NA;NA;8.452134;45.114107;"N";2022-01-15;2022-01-15 15:40:00
"LIGURIA";"SV";"CELLE LIGURE";"CINGHIALE(SELVATICI)";NA;NA;8.553014;44.348759;"N";2022-04-21;2022-04-22 00:00:00
"PIEMONTE";"CN";"FOSSANO";"SUINI(DOMESTICI)";NA;NA;7.668157;44.529489;"N";2022-04-13;2022-04-13 10:00:00
"LIGURIA";"GE";"RECCO";"CINGHIALE(SELVATICI)";NA;NA;9.154348;44.370112;"N";2022-05-03;2022-05-03 14:00:00
"PIEMONTE";"AL";"FELIZZANO";"CINGHIALE(SELVATICI)";NA;NA;8.414418;44.880532;"N";2022-04-25;2022-04-25 23:00:00
"LIGURIA";"GE";"GENOVA";"CINGHIALE(SELVATICI)";NA;NA;8.856388;44.469166;"N";2022-03-04;2022-03-04 11:15:00
"PIEMONTE";"AT";"NIZZA MONFERRATO";"CINGHIALE(SELVATICI)";NA;NA;8.316259;44.769833;"N";2022-04-07;2022-04-07 10:20:00
"LIGURIA";"GE";"SANTA MARGHERITA LIGURE";"CINGHIALE(SELVATICI)";NA;NA;9.213659;44.334574;"N";2022-05-03;2022-05-03 20:15:00
"PIEMONTE";"AL";"MONTECASTELLO";"CINGHIALE(SELVATICI)";NA;NA;8.690133;44.946536;"N";2022-04-30;2022-04-30 22:00:00
"LIGURIA";"SV";"CELLE LIGURE";"CINGHIALE(SELVATICI)";NA;NA;8.531777;44.357625;"N";2022-02-27;2022-02-28 00:00:00
"PIEMONTE";"CN";"BALDISSERO D'ALBA";"CINGHIALE(SELVATICI)";NA;NA;7.879218;44.777035;"N";2022-02-17;2022-02-17 14:15:00
"LIGURIA";"GE";"GENOVA";"CINGHIALE(SELVATICI)";NA;NA;8.90181;44.47385;"N";2022-02-09;2022-02-09 10:00:00
"LIGURIA";"GE";"RECCO";"CINGHIALE(SELVATICI)";NA;NA;9.149312;44.370259;"N";2022-02-23;2022-02-24 00:00:00
"PIEMONTE";"AL";"MASIO";"CINGHIALE(SELVATICI)";NA;NA;8.419016;44.862457;"N";2022-04-21;2022-04-22 00:00:00
"PIEMONTE";"AL";"CREMOLINO";"CINGHIALE(SELVATICI)";NA;NA;8.594401;44.632226;"N";2022-04-06;2022-04-06 14:15:00
"PIEMONTE";"AL";"ALESSANDRIA";"CINGHIALE(SELVATICI)";NA;NA;8.621893;44.940393;"N";2022-04-01;2022-04-01 15:00:00
"LIGURIA";"GE";"GENOVA";"CINGHIALE(SELVATICI)";NA;NA;8.951135;44.40843;"N";2022-03-31;2022-04-01 00:00:00
"LIGURIA";"GE";"RONCO SCRIVIA";"CINGHIALE(SELVATICI)";NA;NA;8.94008;44.5901;"N";2022-03-31;2022-03-31 11:15:00
"LIGURIA";"GE";"GENOVA";"CINGHIALE(SELVATICI)";NA;NA;8.9627;44.3999;"N";2022-03-13;2022-03-14 00:00:00
"EMILIA-ROMAGNA";"PC";"CARPANETO PIACENTINO";"CINGHIALE(SELVATICI)";NA;NA;9.80961;44.91056;"N";2022-01-19;2022-01-19 15:30:00
"PIEMONTE";"AL";"MASIO";"SUINI(DOMESTICI)";NA;NA;8.451836;44.864002;"N";2022-03-16;2022-03-16 11:00:00
"PIEMONTE";"AL";"VOLPEDO";"SUINI(DOMESTICI)";NA;NA;9.008274;44.887529;"N";2022-01-12;2022-01-12 12:00:00
"LIGURIA";"GE";"GENOVA";"CINGHIALE(SELVATICI)";NA;NA;8.776846;44.455708;"N";2022-04-17;2022-04-17 15:00:00
"LOMBARDIA";"PV";"RETORBIDO";"CINGHIALE(SELVATICI)";NA;NA;9.046093;44.945533;"N";2022-01-18;2022-01-19 00:00:00
"LIGURIA";"GE";"GENOVA";"CINGHIALE(SELVATICI)";NA;NA;8.978142;44.455425;"N";2022-01-28;2022-01-29 00:00:00
"PIEMONTE";"AL";"QUATTORDIO";"CINGHIALE(SELVATICI)";NA;NA;8.398177;44.908738;"N";2022-05-04;2022-05-04 12:00:00
"LIGURIA";"GE";"RAPALLO";"CINGHIALE(SELVATICI)";NA;NA;9.233889;44.349821;"N";2022-05-04;2022-05-04 09:00:00
"LIGURIA";"GE";"CAMOGLI";"CINGHIALE(SELVATICI)";NA;NA;9.151312;44.356559;"N";2022-04-25;2022-04-26 00:00:00
"PIEMONTE";"AL";"ACQUI TERME";"CINGHIALE(SELVATICI)";NA;NA;8.483466;44.666329;"N";2022-03-06;2022-03-06 16:00:00
"PIEMONTE";"AT";"ARAMENGO";"CINGHIALE(SELVATICI)";NA;NA;8.010316;45.090742;"N";2022-01-11;2022-01-11 19:00:00
"LIGURIA";"GE";"GENOVA";"CINGHIALE(SELVATICI)";NA;NA;8.975337;44.416423;"N";2022-03-28;2022-03-29 00:00:00
"PIEMONTE";"AL";"BISTAGNO";"CINGHIALE(SELVATICI)";NA;NA;8.359458;44.661298;"N";2022-03-29;2022-03-29 14:30:00
"PIEMONTE";"AL";"PONZONE";"CINGHIALE(SELVATICI)";NA;NA;8.528273;44.536491;"N";2022-04-04;2022-04-04 15:57:00
"PIEMONTE";"AL";"ALESSANDRIA";"CINGHIALE(SELVATICI)";NA;NA;8.538466;44.921435;"N";2022-03-04;2022-03-04 08:15:00
"EMILIA-ROMAGNA";"PC";"ALSENO";"CINGHIALE(SELVATICI)";NA;NA;9.947183;44.862044;"N";2022-02-27;2022-02-27 11:00:00
"EMILIA-ROMAGNA";"PC";"BOBBIO";"CINGHIALE(SELVATICI)";NA;NA;9.375381;44.742386;"N";2022-01-27;2022-01-27 16:00:00
"EMILIA-ROMAGNA";"PC";"ALSENO";"CINGHIALE(SELVATICI)";NA;NA;9.968897;44.842841;"N";2022-01-14;2022-01-15 00:00:00
"PIEMONTE";"AT";"ISOLA D'ASTI";"CINGHIALE(SELVATICI)";NA;NA;8.177365;44.820824;"N";2022-01-24;2022-01-24 12:00:00
"LIGURIA";"SV";"SASSELLO";"CINGHIALE(SELVATICI)";NA;NA;8.514732;44.497388;"N";2022-01-30;2022-01-30 16:00:00
"PIEMONTE";"AL";"GRONDONA";"CINGHIALE(SELVATICI)";NA;NA;8.960273;44.697937;"N";2022-01-22;2022-01-22 16:00:00
"PIEMONTE";"AL";"OVADA";"CINGHIALE(SELVATICI)";NA;NA;8.653034;44.639661;"N";2022-04-20;2022-04-20 13:37:00
"LIGURIA";"GE";"RAPALLO";"CINGHIALE(SELVATICI)";NA;NA;9.173164;44.360177;"N";2022-04-19;2022-04-19 13:00:00
"LIGURIA";"GE";"GENOVA";"CINGHIALE(SELVATICI)";NA;NA;9.023633;44.387004;"N";2022-04-16;2022-04-16 10:00:00
"LIGURIA";"SV";"STELLA";"SUINI(DOMESTICI)";NA;NA;8.510134;44.39619;"N";2022-01-17;2022-01-17 10:00:00
"PIEMONTE";"AL";"BORGHETTO DI BORBERA";"CINGHIALE(SELVATICI)";NA;NA;8.961997;44.729256;"N";2022-01-24;2022-01-24 11:00:00
"PIEMONTE";"AT";"SESSAME";"CINGHIALE(SELVATICI)";NA;NA;8.342899;44.658495;"N";2022-05-03;2022-05-03 10:25:00
"PIEMONTE";"CN";"CHIUSA DI PESIO";"CINGHIALE(SELVATICI)";NA;NA;7.656045;44.349759;"N";2022-04-27;2022-04-27 13:00:00
"PIEMONTE";"AL";"MONTECASTELLO";"CINGHIALE(SELVATICI)";NA;NA;8.686936;44.947113;"N";2022-04-23;2022-04-24 00:00:00
"PIEMONTE";"AT";"ASTI";"CINGHIALE(SELVATICI)";NA;NA;8.24958;44.90875;"N";2022-05-01;2022-05-01 10:00:00
"LIGURIA";"GE";"GENOVA";"CINGHIALE(SELVATICI)";NA;NA;8.974721;44.402507;"N";2022-03-19;2022-03-19 10:00:00
"PIEMONTE";"AT";"CASTELNUOVO DON BOSCO";"CINGHIALE(SELVATICI)";NA;NA;7.946675;45.066651;"N";2022-03-19;2022-03-19 13:30:00
"LIGURIA";"GE";"GENOVA";"CINGHIALE(SELVATICI)";NA;NA;8.974528;44.402538;"N";2022-03-19;2022-03-19 10:15:00
"LIGURIA";"SV";"QUILIANO";"CINGHIALE(SELVATICI)";NA;NA;8.421654;44.290022;"N";2022-03-03;2022-03-04 00:00:00
"LIGURIA";"GE";"GENOVA";"CINGHIALE(SELVATICI)";NA;NA;8.951;44.431613;"N";2022-03-14;2022-03-15 00:00:00
"LIGURIA";"GE";"GENOVA";"CINGHIALE(SELVATICI)";NA;NA;8.951;44.431613;"N";2022-03-14;2022-03-15 00:00:00
"LIGURIA";"SV";"SAVONA";"CINGHIALE(SELVATICI)";NA;NA;8.420898;44.311933;"N";2022-01-14;2022-01-14 18:00:00
"LOMBARDIA";"PV";"VAL DI NIZZA";"CINGHIALE(SELVATICI)";NA;NA;9.191131;44.849479;"N";2022-02-26;2022-02-27 00:00:00
"EMILIA-ROMAGNA";"PC";"MORFASSO";"CINGHIALE(SELVATICI)";NA;NA;9.748578;44.755296;"N";2022-01-24;2022-01-24 13:00:00
"PIEMONTE";"AL";"MASIO";"SUINI(DOMESTICI)";NA;NA;8.451836;44.864002;"N";2022-03-10;2022-03-10 11:30:00
"PIEMONTE";"AT";"ISOLA D'ASTI";"CINGHIALE(SELVATICI)";NA;NA;8.171049;44.822688;"N";2022-04-10;2022-04-10 20:00:00
"PIEMONTE";"CN";"RACCONIGI";"SUINI(DOMESTICI)";NA;NA;7.713131;44.756118;"N";2022-05-04;2022-05-04 09:25:00
"LIGURIA";"GE";"GENOVA";"CINGHIALE(SELVATICI)";NA;NA;9.00921;44.414451;"N";2022-04-27;2022-04-27 12:30:00
"PIEMONTE";"AT";"SAN DAMIANO D'ASTI";"CINGHIALE(SELVATICI)";NA;NA;8.06065;44.85384;"N";2022-04-04;2022-04-04 11:00:00
"LIGURIA";"GE";"MELE";"CINGHIALE(SELVATICI)";NA;NA;8.759444;44.479722;"N";2022-03-07;2022-03-07 12:00:00
"LIGURIA";"GE";"LEIVI";"SUINI(DOMESTICI)";NA;NA;9.3358;44.3348;"N";2022-01-24;2022-01-24 13:00:00
"LIGURIA";"GE";"GENOVA";"CINGHIALE(SELVATICI)";NA;NA;8.885546;44.458645;"N";2022-05-04;2022-05-04 14:00:00
"PIEMONTE";"AL";"ROCCA GRIMALDA";"CINGHIALE(SELVATICI)";NA;NA;8.632759;44.677056;"N";2022-04-26;2022-04-27 00:00:00
"EMILIA-ROMAGNA";"PC";"BORGONOVO VAL TIDONE";"CINGHIALE(SELVATICI)";NA;NA;9.438;44.96938;"N";2022-01-09;2022-01-09 12:30:00
"LOMBARDIA";"PV";"TORRAZZA COSTE";"CINGHIALE(SELVATICI)";NA;NA;9.086143;44.976086;"N";2022-03-05;2022-03-06 00:00:00
"EMILIA-ROMAGNA";"PC";"GAZZOLA";"CINGHIALE(SELVATICI)";NA;NA;9.580786;44.937236;"N";2022-02-01;2022-02-01 11:00:00
"LIGURIA";"GE";"RECCO";"CINGHIALE(SELVATICI)";NA;NA;9.143744;44.365856;"N";2022-01-03;2022-01-03 11:00:00
"PIEMONTE";"AT";"MONTEGROSSO D'ASTI";"CINGHIALE(SELVATICI)";NA;NA;8.21641;44.804193;"N";2022-03-19;2022-03-19 22:00:00
"LIGURIA";"GE";"SESTRI LEVANTE";"CINGHIALE(SELVATICI)";NA;NA;9.421739;44.259504;"N";2022-04-09;2022-04-10 00:00:00
"LOMBARDIA";"PV";"BRALLO DI PREGOLA";"SUINI(DOMESTICI)";NA;NA;9.30959;44.723553;"N";2022-04-26;2022-04-27 00:00:00
"PIEMONTE";"AL";"POMARO MONFERRATO";"CINGHIALE(SELVATICI)";NA;NA;8.609105;45.060396;"N";2022-04-14;2022-04-14 08:00:00
"LIGURIA";"GE";"NEIRONE";"SUINI(DOMESTICI)";NA;NA;9.1798;44.4348;"N";2022-01-20;2022-01-20 09:00:00
"PIEMONTE";"CN";"VALDIERI";"CINGHIALE(SELVATICI)";NA;NA;7.278621;44.214597;"N";2022-04-28;2022-04-28 16:00:00
"LOMBARDIA";"PV";"PIEVE DEL CAIRO";"CINGHIALE(SELVATICI)";NA;NA;8.814228;45.062427;"N";2022-04-04;2022-04-05 00:00:00
"LIGURIA";"SV";"ALBISSOLA MARINA";"CINGHIALE(SELVATICI)";NA;NA;8.496305;44.332302;"N";2022-02-01;2022-02-01 10:00:00
"LIGURIA";"GE";"CAMOGLI";"CINGHIALE(SELVATICI)";NA;NA;9.168586;44.339336;"N";2022-05-04;2022-05-05 00:00:00
"PIEMONTE";"AL";"PREDOSA";"CINGHIALE(SELVATICI)";NA;NA;8.629964;44.757809;"N";2022-01-13;2022-01-13 12:30:00
"PIEMONTE";"AT";"CALOSSO";"CINGHIALE(SELVATICI)";NA;NA;8.22955;44.73827;"N";2022-03-26;2022-03-26 09:00:00
"EMILIA-ROMAGNA";"PC";"CASTELL'ARQUATO";"CINGHIALE(SELVATICI)";NA;NA;9.85597;44.88337;"N";2022-04-05;2022-04-05 11:00:00
"LIGURIA";"GE";"GENOVA";"CINGHIALE(SELVATICI)";NA;NA;8.984677;44.40581;"N";2022-03-19;2022-03-20 00:00:00
"PIEMONTE";"AT";"CORTIGLIONE";"CINGHIALE(SELVATICI)";NA;NA;8.367374;44.832937;"N";2022-03-31;2022-03-31 22:00:00
"LIGURIA";"SV";"ANDORA";"CINGHIALE(SELVATICI)";NA;NA;8.136151;43.952486;"N";2022-04-03;2022-04-04 00:00:00
"LIGURIA";"SV";"BERGEGGI";"CINGHIALE(SELVATICI)";NA;NA;8.442151;44.24186;"N";2022-03-25;2022-03-26 00:00:00
"LIGURIA";"GE";"GENOVA";"CINGHIALE(SELVATICI)";NA;NA;8.88932;44.43769;"N";2022-02-02;2022-02-03 00:00:00
"EMILIA-ROMAGNA";"PC";"CARPANETO PIACENTINO";"CINGHIALE(SELVATICI)";NA;NA;9.784312;44.887255;"N";2022-03-23;2022-03-23 11:00:00
"EMILIA-ROMAGNA";"PC";"CORTE BRUGNATELLA";"SUINI(DOMESTICI)";NA;NA;9.32945;44.71545;"N";2022-02-13;2022-02-14 00:00:00
"PIEMONTE";"AT";"BELVEGLIO";"CINGHIALE(SELVATICI)";NA;NA;8.319949;44.831185;"N";2022-04-21;2022-04-21 23:40:00
"LIGURIA";"GE";"ZOAGLI";"CINGHIALE(SELVATICI)";NA;NA;9.280863;44.336871;"N";2022-01-28;2022-01-28 10:00:00
"LIGURIA";"GE";"GENOVA";"CINGHIALE(SELVATICI)";NA;NA;8.824278;44.445169;"N";2022-05-03;2022-05-03 14:00:00
"PIEMONTE";"AT";"ASTI";"CINGHIALE(SELVATICI)";NA;NA;8.126487;44.938625;"N";2022-02-11;2022-02-11 12:15:00
"LIGURIA";"GE";"ISOLA DEL CANTONE";"CINGHIALE(SELVATICI)";NA;NA;8.987324;44.651607;"N";2022-01-16;2022-01-16 10:00:00
"EMILIA-ROMAGNA";"PC";"ZIANO PIACENTINO";"CINGHIALE(SELVATICI)";NA;NA;9.397995;45.00883;"N";2022-01-13;2022-01-13 15:05:00
"LOMBARDIA";"PV";"SANTA GIULETTA";"CINGHIALE(SELVATICI)";NA;NA;9.181236;45.035536;"N";2022-04-10;2022-04-11 00:00:00
"PIEMONTE";"AL";"ROCCA GRIMALDA";"CINGHIALE(SELVATICI)";NA;NA;8.666275;44.691485;"N";2022-04-22;2022-04-22 13:45:00
"PIEMONTE";"AT";"MONTEGROSSO D'ASTI";"CINGHIALE(SELVATICI)";NA;NA;8.237902;44.821702;"N";2022-04-14;2022-04-14 23:30:00
"PIEMONTE";"CN";"ROCCASPARVERA";"SUINI(DOMESTICI)";NA;NA;7.436554;44.338622;"N";2022-04-07;2022-04-07 14:00:00
"PIEMONTE";"AL";"CASALE MONFERRATO";"CINGHIALE(SELVATICI)";NA;NA;8.505911;45.13075;"N";2022-01-20;2022-01-20 11:15:00
"PIEMONTE";"AT";"CORTIGLIONE";"CINGHIALE(SELVATICI)";NA;NA;8.372744;44.834135;"N";2022-01-19;2022-01-19 14:00:00
"LIGURIA";"GE";"DAVAGNA";"CINGHIALE(SELVATICI)";NA;NA;9.068944;44.445136;"N";2022-01-16;2022-01-16 15:00:00
"LOMBARDIA";"PV";"BRESSANA BOTTARONE";"CINGHIALE(SELVATICI)";NA;NA;9.136542;45.077835;"N";2022-02-17;2022-02-18 00:00:00
"LIGURIA";"GE";"MONEGLIA";"CINGHIALE(SELVATICI)";NA;NA;9.48147;44.254955;"N";2022-04-12;2022-04-12 14:00:00
"PIEMONTE";"CN";"MURAZZANO";"CINGHIALE(SELVATICI)";NA;NA;8.031944;44.465576;"N";2022-01-28;2022-01-28 14:30:00
"PIEMONTE";"CN";"MARGARITA";"CINGHIALE(SELVATICI)";NA;NA;7.662923;44.393048;"N";2022-02-17;2022-02-17 15:00:00
"PIEMONTE";"AL";"ACQUI TERME";"CINGHIALE(SELVATICI)";NA;NA;8.476996;44.666626;"N";2022-03-12;2022-03-12 11:00:00
"LIGURIA";"SV";"ANDORA";"CINGHIALE(SELVATICI)";NA;NA;8.136151;43.952486;"N";2022-04-03;2022-04-04 00:00:00
"LIGURIA";"GE";"GENOVA";"CINGHIALE(SELVATICI)";NA;NA;9.002064;44.419401;"N";2022-03-29;2022-03-30 00:00:00
"PIEMONTE";"AT";"CASTELNUOVO CALCEA";"CINGHIALE(SELVATICI)";NA;NA;8.297537;44.798927;"N";2022-03-01;2022-03-01 10:40:00
"PIEMONTE";"AL";"MASIO";"SUINI(DOMESTICI)";NA;NA;8.451836;44.864002;"N";2022-03-16;2022-03-16 10:00:00
"PIEMONTE";"AL";"MASIO";"SUINI(DOMESTICI)";NA;NA;8.451836;44.864002;"N";2022-03-16;2022-03-16 11:15:00
"LOMBARDIA";"PV";"ROMAGNESE";"CINGHIALE(SELVATICI)";NA;NA;9.330885;44.840293;"N";2022-01-14;2022-01-15 00:00:00
"PIEMONTE";"CN";"CHIUSA DI PESIO";"CINGHIALE(SELVATICI)";NA;NA;7.676516;44.235826;"N";2022-01-02;2022-01-02 12:00:00
"PIEMONTE";"AL";"CARTOSIO";"CINGHIALE(SELVATICI)";NA;NA;8.406352;44.599348;"N";2022-04-12;2022-04-12 15:30:00
"LIGURIA";"GE";"GENOVA";"CINGHIALE(SELVATICI)";NA;NA;8.96741;44.39729;"N";2022-01-31;2022-01-31 11:30:00
"LIGURIA";"GE";"SERRA RICCO'";"CINGHIALE(SELVATICI)";NA;NA;8.918523;44.5023;"N";2022-05-04;2022-05-05 00:00:00
"PIEMONTE";"CN";"BRA";"CINGHIALE(SELVATICI)";NA;NA;7.861736;44.684986;"N";2022-04-28;2022-04-28 14:00:00
"PIEMONTE";"CN";"TREISO";"CINGHIALE(SELVATICI)";NA;NA;8.091944;44.662094;"N";2022-01-08;2022-01-09 00:00:00
"PIEMONTE";"CN";"NIELLA TANARO";"CINGHIALE(SELVATICI)";NA;NA;7.9433;44.400848;"N";2022-02-06;2022-02-06 15:00:00
"LIGURIA";"GE";"MIGNANEGO";"CINGHIALE(SELVATICI)";NA;NA;8.91448;44.51897;"N";2022-02-07;2022-02-07 10:30:00
"LIGURIA";"GE";"GENOVA";"CINGHIALE(SELVATICI)";NA;NA;8.9131;44.4482;"N";2022-03-14;2022-03-15 00:00:00
"PIEMONTE";"AL";"MASIO";"SUINI(DOMESTICI)";NA;NA;8.451836;44.864002;"N";2022-03-21;2022-03-21 10:00:00
"PIEMONTE";"AL";"VALENZA";"CINGHIALE(SELVATICI)";NA;NA;8.646653;44.997084;"N";2022-01-22;2022-01-22 14:00:00
"PIEMONTE";"AL";"OVIGLIO";"CINGHIALE(SELVATICI)";NA;NA;8.465209;44.869674;"N";2022-01-20;2022-01-20 13:00:00
"LIGURIA";"GE";"RAPALLO";"CINGHIALE(SELVATICI)";NA;NA;9.174044;44.35855;"N";2022-05-04;2022-05-04 08:00:00
"PIEMONTE";"AT";"MARETTO";"CINGHIALE(SELVATICI)";NA;NA;8.036572;44.947114;"N";2022-01-14;2022-01-14 15:40:00
"PIEMONTE";"AT";"AGLIANO TERME";"CINGHIALE(SELVATICI)";NA;NA;8.231444;44.767593;"N";2022-04-25;2022-04-25 23:45:00
"LIGURIA";"GE";"LAVAGNA";"CINGHIALE(SELVATICI)";NA;NA;9.377709;44.29018;"N";2022-01-10;2022-01-10 09:00:00
"PIEMONTE";"AL";"SERRALUNGA DI CREA";"CINGHIALE(SELVATICI)";NA;NA;8.279138;45.093094;"N";2022-02-25;2022-02-25 13:00:00
"PIEMONTE";"AT";"CORSIONE";"CINGHIALE(SELVATICI)";NA;NA;8.161167;44.993108;"N";2022-04-09;2022-04-09 18:30:00
"PIEMONTE";"AL";"OVADA";"CINGHIALE(SELVATICI)";NA;NA;8.65438;44.65031;"N";2022-03-16;2022-03-16 14:00:00
"LOMBARDIA";"PV";"BAGNARIA";"CINGHIALE(SELVATICI)";NA;NA;9.120555;44.828791;"N";2022-01-22;2022-01-23 00:00:00
"EMILIA-ROMAGNA";"PC";"FERRIERE";"CINGHIALE(SELVATICI)";NA;NA;9.405323;44.649799;"N";2022-01-16;2022-01-16 12:00:00
"LOMBARDIA";"PV";"ARENA PO";"CINGHIALE(SELVATICI)";NA;NA;9.43202;45.090872;"N";2022-02-22;2022-02-23 00:00:00
"PIEMONTE";"AT";"AGLIANO TERME";"CINGHIALE(SELVATICI)";NA;NA;8.231444;44.767593;"N";2022-04-25;2022-04-25 23:45:00
"LIGURIA";"GE";"GENOVA";"CINGHIALE(SELVATICI)";NA;NA;8.974721;44.402571;"N";2022-03-19;2022-03-19 10:00:00
"PIEMONTE";"CN";"SANTO STEFANO BELBO";"CINGHIALE(SELVATICI)";NA;NA;8.217249;44.699675;"N";2022-03-19;2022-03-19 07:15:00
"PIEMONTE";"CN";"VICOFORTE";"CINGHIALE(SELVATICI)";NA;NA;7.839785;44.356553;"N";2022-03-10;2022-03-10 23:50:00
"LIGURIA";"GE";"GENOVA";"CINGHIALE(SELVATICI)";NA;NA;8.974997;44.401584;"N";2022-03-15;2022-03-16 00:00:00
"PIEMONTE";"CN";"CASTIGLIONE FALLETTO";"CINGHIALE(SELVATICI)";NA;NA;7.96853;44.635305;"N";2022-03-13;2022-03-14 00:00:00
"EMILIA-ROMAGNA";"PC";"OTTONE";"CINGHIALE(SELVATICI)";NA;NA;9.321;44.652;"N";2022-03-30;2022-03-30 19:10:00
"LIGURIA";"GE";"PORTOFINO";"CINGHIALE(SELVATICI)";NA;NA;9.210033;44.307032;"N";2022-04-22;2022-04-22 12:00:00
"PIEMONTE";"AL";"BORGORATTO ALESSANDRINO";"CINGHIALE(SELVATICI)";NA;NA;8.542867;44.843816;"N";2022-04-09;2022-04-09 11:30:00
"LOMBARDIA";"PV";"BAGNARIA";"CINGHIALE(SELVATICI)";NA;NA;9.129456;44.831037;"N";2022-02-06;2022-02-07 00:00:00
"PIEMONTE";"AT";"MOMBERCELLI";"CINGHIALE(SELVATICI)";NA;NA;8.291906;44.810988;"N";2022-04-05;2022-04-06 00:00:00
"LIGURIA";"GE";"BUSALLA";"CINGHIALE(SELVATICI)";NA;NA;8.982299;44.583752;"N";2022-03-09;2022-03-09 09:33:00
"PIEMONTE";"AL";"CAPRIATA D'ORBA";"CINGHIALE(SELVATICI)";NA;NA;8.687635;44.75451;"N";2022-01-11;2022-01-11 15:00:00
"PIEMONTE";"AT";"ROCCA D'ARAZZO";"CINGHIALE(SELVATICI)";NA;NA;8.264116;44.856853;"N";2022-04-19;2022-04-19 23:20:00
"PIEMONTE";"AT";"VILLANOVA D'ASTI";"CINGHIALE(SELVATICI)";NA;NA;7.899132;44.929294;"N";2022-01-18;2022-01-18 10:00:00
"PIEMONTE";"CN";"TORRE BORMIDA";"CINGHIALE(SELVATICI)";NA;NA;8.154217;44.5626;"N";2022-05-03;2022-05-03 10:00:00
"LIGURIA";"GE";"RAPALLO";"CINGHIALE(SELVATICI)";NA;NA;9.233889;44.349821;"N";2022-05-04;2022-05-04 09:00:00
"PIEMONTE";"AT";"AGLIANO TERME";"CINGHIALE(SELVATICI)";NA;NA;8.226676;44.772725;"N";2022-05-02;2022-05-02 23:30:00
"PIEMONTE";"AL";"FELIZZANO";"CINGHIALE(SELVATICI)";NA;NA;8.413388;44.880046;"N";2022-04-23;2022-04-23 21:30:00
"PIEMONTE";"AL";"MASIO";"CINGHIALE(SELVATICI)";NA;NA;8.40333;44.871794;"N";2022-04-21;2022-04-22 00:00:00
"PIEMONTE";"CN";"POCAPAGLIA";"CINGHIALE(SELVATICI)";NA;NA;7.891778;44.702384;"N";2022-02-23;2022-02-23 09:30:00
"PIEMONTE";"AL";"VISONE";"CINGHIALE(SELVATICI)";NA;NA;8.513377;44.666863;"N";2022-02-07;2022-02-07 12:55:00
"PIEMONTE";"AL";"CARPENETO";"CINGHIALE(SELVATICI)";NA;NA;8.626215;44.694337;"N";2022-02-03;2022-02-03 19:00:00
"PIEMONTE";"AL";"SPIGNO MONFERRATO";"CINGHIALE(SELVATICI)";NA;NA;8.377639;44.554017;"N";2022-02-26;2022-02-26 17:50:00
"PIEMONTE";"CN";"MOROZZO";"SUINI(DOMESTICI)";NA;NA;7.655414;44.423568;"N";2022-04-20;2022-04-20 10:30:00
"PIEMONTE";"CN";"RACCONIGI";"SUINI(DOMESTICI)";NA;NA;7.713131;44.756118;"N";2022-03-29;2022-03-29 09:53:00
"LIGURIA";"SV";"VADO LIGURE";"CINGHIALE(SELVATICI)";NA;NA;8.422186;44.245805;"N";2022-01-24;2022-01-24 13:00:00
"PIEMONTE";"AL";"SPIGNO MONFERRATO";"CINGHIALE(SELVATICI)";NA;NA;8.333265;44.542548;"N";2022-01-18;2022-01-18 13:10:00
"LIGURIA";"SV";"ANDORA";"CINGHIALE(SELVATICI)";NA;NA;8.136151;43.952486;"N";2022-04-03;2022-04-04 00:00:00
"PIEMONTE";"CN";"CRAVANZANA";"CINGHIALE(SELVATICI)";NA;NA;8.132256;44.582775;"N";2022-03-19;2022-03-19 11:30:00
"LIGURIA";"GE";"SANTA MARGHERITA LIGURE";"CINGHIALE(SELVATICI)";NA;NA;9.208946;44.310978;"N";2022-04-09;2022-04-09 16:00:00
"PIEMONTE";"AT";"LOAZZOLO";"CINGHIALE(SELVATICI)";NA;NA;8.267;44.682145;"N";2022-03-26;2022-03-26 11:00:00
"PIEMONTE";"AL";"OVIGLIO";"CINGHIALE(SELVATICI)";NA;NA;8.467183;44.870708;"N";2022-02-04;2022-02-04 11:00:00
"LIGURIA";"GE";"GENOVA";"CINGHIALE(SELVATICI)";NA;NA;9.00253;44.4025;"N";2022-02-02;2022-02-03 00:00:00
"LIGURIA";"GE";"GENOVA";"CINGHIALE(SELVATICI)";NA;NA;8.94706;44.42172;"N";2022-02-02;2022-02-03 00:00:00
"LIGURIA";"GE";"GENOVA";"CINGHIALE(SELVATICI)";NA;NA;8.98424;44.40282;"N";2022-02-24;2022-02-24 14:00:00
"EMILIA-ROMAGNA";"PC";"GRAGNANO TREBBIENSE";"CINGHIALE(SELVATICI)";NA;NA;9.53714;45.01824;"N";2022-01-10;2022-01-10 14:30:00
"PIEMONTE";"AL";"PREDOSA";"SUINI(DOMESTICI)";NA;NA;8.628602;44.722191;"N";2022-03-14;2022-03-14 10:00:00
"LOMBARDIA";"PV";"MONTESEGALE";"CINGHIALE(SELVATICI)";NA;NA;9.12715;44.90612;"N";2022-03-19;2022-03-20 00:00:00
"PIEMONTE";"AL";"MONLEALE";"CINGHIALE(SELVATICI)";NA;NA;8.972115;44.876392;"N";2022-02-08;2022-02-08 10:40:00
"LIGURIA";"GE";"GENOVA";"CINGHIALE(SELVATICI)";NA;NA;8.9933;44.40829;"N";2022-02-17;2022-02-17 15:00:00
"PIEMONTE";"AL";"CASTELLAZZO BORMIDA";"CINGHIALE(SELVATICI)";NA;NA;8.607794;44.860221;"N";2022-02-18;2022-02-18 15:00:00
"PIEMONTE";"CN";"CRAVANZANA";"CINGHIALE(SELVATICI)";NA;NA;8.117581;44.560653;"N";2022-04-23;2022-04-24 00:00:00
"LIGURIA";"GE";"SANTA MARGHERITA LIGURE";"CINGHIALE(SELVATICI)";NA;NA;9.203038;44.333238;"N";2022-04-24;2022-04-24 14:00:00
"PIEMONTE";"AT";"INCISA SCAPACCINO";"CINGHIALE(SELVATICI)";NA;NA;8.380758;44.81145;"N";2022-01-28;2022-01-28 11:20:00
"PIEMONTE";"AL";"MONTALDO BORMIDA";"CINGHIALE(SELVATICI)";NA;NA;8.595475;44.699737;"N";2022-01-29;2022-01-29 12:00:00
"LOMBARDIA";"PV";"VOGHERA";"CINGHIALE(SELVATICI)";NA;NA;9.017909;44.978579;"N";2022-03-02;2022-03-03 00:00:00
"PIEMONTE";"AT";"CELLARENGO";"SUINI(DOMESTICI)";NA;NA;7.899123;44.891339;"N";2021-12-28;2021-12-29 00:00:00
"LOMBARDIA";"PV";"BAGNARIA";"CINGHIALE(SELVATICI)";NA;NA;9.11465;44.822647;"NE";2022-01-21;2022-01-22 00:00:00
"LOMBARDIA";"PV";"VAL DI NIZZA";"CINGHIALE(SELVATICI)";NA;NA;9.162667;44.87475;"NE";2022-01-21;2022-01-22 00:00:00
"LOMBARDIA";"PV";"BAGNARIA";"CINGHIALE(SELVATICI)";NA;NA;9.13959;44.834911;"NE";2022-01-29;2022-01-30 00:00:00
"LOMBARDIA";"PV";"VAL DI NIZZA";"CINGHIALE(SELVATICI)";NA;NA;9.190638;44.882287;"NE";2022-02-04;2022-02-05 00:00:00
"LOMBARDIA";"PV";"PONTE NIZZA";"CINGHIALE(SELVATICI)";NA;NA;9.085361;44.841028;"NE";2022-01-21;2022-01-22 00:00:00
"LOMBARDIA";"PV";"PONTE NIZZA";"CINGHIALE(SELVATICI)";NA;NA;9.122222;44.870028;"NE";2022-01-21;2022-01-22 00:00:00
"LOMBARDIA";"PV";"COLLI VERDI";"CINGHIALE(SELVATICI)";NA;NA;9.226579;44.863262;"NE";2022-01-28;2022-01-29 00:00:00
"LOMBARDIA";"PV";"COLLI VERDI";"CINGHIALE(SELVATICI)";NA;NA;9.224112;44.865616;"NE";2022-01-28;2022-01-29 00:00:00
"LOMBARDIA";"PV";"BAGNARIA";"CINGHIALE(SELVATICI)";NA;NA;9.12;44.829439;"NE";2022-01-29;2022-01-30 00:00:00
"LOMBARDIA";"PV";"PONTE NIZZA";"CINGHIALE(SELVATICI)";NA;NA;9.081889;44.841083;"NE";2022-01-21;2022-01-22 00:00:00
"LIGURIA";"SV";"URBE";"CINGHIALE(SELVATICI)";NA;NA;8.579014;44.477618;"NE";2022-02-06;2022-02-06 11:00:00
"LOMBARDIA";"PV";"VAL DI NIZZA";"CINGHIALE(SELVATICI)";NA;NA;9.16266;44.87473;"NE";2022-01-21;2022-01-22 00:00:00
"LOMBARDIA";"PV";"COLLI VERDI";"CINGHIALE(SELVATICI)";NA;NA;9.248474;44.87254;"NE";2022-01-28;2022-01-29 00:00:00
"LOMBARDIA";"PV";"PONTE NIZZA";"CINGHIALE(SELVATICI)";NA;NA;9.113535;44.833575;"NE";2022-02-04;2022-02-05 00:00:00
"LOMBARDIA";"PV";"VARZI";"CINGHIALE(SELVATICI)";NA;NA;9.177667;44.841833;"NE";2022-01-29;2022-01-30 00:00:00
"LOMBARDIA";"PV";"ZAVATTARELLO";"CINGHIALE(SELVATICI)";NA;NA;9.248704;44.859846;"NE";2022-01-28;2022-01-29 00:00:00
"LOMBARDIA";"PV";"BAGNARIA";"CINGHIALE(SELVATICI)";NA;NA;9.138885;44.834759;"NE";2022-01-29;2022-01-30 00:00:00
"LOMBARDIA";"PV";"VARZI";"CINGHIALE(SELVATICI)";NA;NA;9.207589;44.797598;"NE";2022-01-29;2022-01-30 00:00:00
"PIEMONTE";"CN";"CORTEMILIA";"CINGHIALE(SELVATICI)";NA;NA;8.194304;44.561398;"NE";2022-03-04;2022-03-05 00:00:00
"LOMBARDIA";"PV";"VAL DI NIZZA";"CINGHIALE(SELVATICI)";NA;NA;9.151183;44.886592;"NE";2022-01-28;2022-01-29 00:00:00
"LOMBARDIA";"PV";"PONTE NIZZA";"CINGHIALE(SELVATICI)";NA;NA;9.12904;44.87041;"NE";2022-01-21;2022-01-22 00:00:00
"PIEMONTE";"CN";"CUNEO";"CINGHIALE(SELVATICI)";NA;NA;7.559065;44.380536;"NE";2021-12-30;2021-12-30 02:00:00
"LOMBARDIA";"PV";"BAGNARIA";"CINGHIALE(SELVATICI)";NA;NA;9.166465;44.828577;"NE";2022-01-29;2022-01-30 00:00:00
"LOMBARDIA";"PV";"PONTE NIZZA";"CINGHIALE(SELVATICI)";NA;NA;9.13637;44.866;"NE";2022-01-21;2022-01-22 00:00:00
"LIGURIA";"GE";"GENOVA";"CINGHIALE(SELVATICI)";NA;NA;8.96259;44.43777;"NE";2022-02-03;2022-02-04 00:00:00
"PIEMONTE";"CN";"CORTEMILIA";"CINGHIALE(SELVATICI)";NA;NA;8.194648;44.564578;"NE";2022-03-04;2022-03-05 00:00:00
